r2,mae_median,mae,mse,num_features,test_fold_i,train_r2,lambda_,max_features,split_version
-0.308579568587509,-0.8071577995025927,-0.8771692968243442,-0.9962301518167352,1,0,0.12601800000000002,0.003,16,0
-0.2009093807525335,-0.8204033894972509,-0.8359364506845847,-0.9142601362763307,2,0,0.185934,0.003,16,0
-0.49695268071182563,-0.8142790292736946,-0.8928849002843594,-1.1396398294509076,3,0,0.315629,0.003,16,0
-0.7934599602983718,-0.8634700449013233,-0.9626936499140991,-1.3653727533388433,4,0,0.410567,0.003,16,0
-0.8740025467759758,-0.8827740894433314,-0.9800967960143171,-1.42669034921183,5,0,0.45846499999999996,0.003,16,0
-1.0133283212246558,-0.9222205649350219,-1.0179396345709184,-1.5327599690980818,6,0,0.48940100000000003,0.003,16,0
-0.9010556666571301,-0.8686469475521168,-0.9805976353352754,-1.29496405945111,1,1,0.05236419999999999,0.003,16,0
-0.8972987333824465,-0.8546079174596621,-0.9554369856036407,-1.2924049057925397,2,1,0.162227,0.003,16,0
-1.0913111586259996,-0.8609216481822277,-0.9785773739452411,-1.424562591747698,3,1,0.30144499999999996,0.003,16,0
-1.3548142362149558,-0.8892607580116929,-1.026547481935365,-1.6040560284824985,4,1,0.380306,0.003,16,0
-1.4206193320114027,-0.9015507234394167,-1.0368413546743307,-1.6488812461127536,5,1,0.416684,0.003,16,0
-1.4253929386486055,-0.8900020994182731,-1.0308580971391508,-1.6521329389156292,6,1,0.43094799999999994,0.003,16,0
-1.4492335913887389,-0.9015507234394167,-1.0385777706292565,-1.668372751875244,7,1,0.436485,0.003,16,0
-0.1333231392505161,-0.7975305053519969,-0.8806795971547448,-1.1765557018767063,1,2,0.0469723,0.003,16,0
-0.4404999932258715,-0.9116074445648448,-0.9870705869075967,-1.495450345877586,2,2,0.161432,0.003,16,0
-0.6462564392687173,-0.9351621050966539,-1.047970484457652,-1.7090557258486425,3,2,0.251048,0.003,16,0
-0.8144437094980128,-0.9664925976651713,-1.0988513159704878,-1.8836587891040333,4,2,0.33215700000000004,0.003,16,0
-0.8951227626787917,-0.9711935525369086,-1.1253871217259843,-1.9674154836903925,5,2,0.392106,0.003,16,0
-0.9460590528848818,-0.9839498462023653,-1.1389507662318725,-2.020294826394058,6,2,0.410524,0.003,16,0
-1.0730497553919793,-0.6986425368731651,-0.9411167228257271,-1.45220040388192,1,3,0.0573149,0.003,16,0
-1.176814621968291,-0.6601825341025898,-0.9453102761067601,-1.5248891470049137,2,3,0.165129,0.003,16,0
-1.4774673957471762,-0.7549317949614666,-1.0136446693739378,-1.7355006281689835,3,3,0.28910399999999997,0.003,16,0
-1.7596982330237223,-0.8670173290208834,-1.0793912310779084,-1.933207284661382,4,3,0.381673,0.003,16,0
-1.8433230157247844,-0.9062057457407462,-1.1005721486205058,-1.9917876168010984,5,3,0.423572,0.003,16,0
-1.900188119756311,-0.9128168495345098,-1.1105554813753977,-2.0316224190418946,6,3,0.441453,0.003,16,0
-1.90796552953866,-0.9121091975513494,-1.1052850941850072,-2.0370706035814625,7,3,0.44905200000000006,0.003,16,0
-0.4020117508440173,-0.8039155286079737,-0.8896286710342932,-1.0673606809403418,1,0,0.1853,0.001,16,0
-0.8833801966834567,-0.8539297722519331,-0.9735708675162688,-1.4338296151879126,2,0,0.410606,0.001,16,0
-1.1851643283335789,-0.9036959095413697,-1.0493051952187067,-1.6635798409339886,3,0,0.540725,0.001,16,0
-1.1855361038504872,-0.8951255974871202,-1.0465333761637532,-1.6638628760573715,4,0,0.574693,0.001,16,0
-1.1318683099410074,-0.9019931942523942,-1.0139795766149349,-1.4521893752384771,1,1,0.152004,0.001,16,0
-1.5483429388322385,-0.9227787426792182,-1.0734291469743449,-1.7358842115058115,2,1,0.403463,0.001,16,0
-1.6314760893968026,-0.9124448511516946,-1.0840216574381905,-1.7925129804672963,3,1,0.44142299999999995,0.001,16,0
-1.619989972641486,-0.9144593001374092,-1.0805250530380808,-1.7846888495690418,4,1,0.44852600000000004,0.001,16,0
-1.6199714054828536,-0.9144593001374092,-1.0805149900593571,-1.7846762019630107,5,1,0.44968100000000005,0.001,16,0
-0.09898993406559486,-0.8090612092934116,-0.8578682626079994,-1.1409127974613462,1,2,0.149057,0.001,16,0
-0.4874593960643958,-0.8878505053519968,-1.0060691086510634,-1.544201095997211,2,2,0.397202,0.001,16,0
-0.5750771069655569,-0.9037897931037093,-1.035081999972311,-1.6351611353504347,3,2,0.466947,0.001,16,0
-0.6010563090430074,-0.9150646383500836,-1.0476977205468094,-1.6621313588249553,4,2,0.503363,0.001,16,0
-1.2749368568191697,-0.6859599148167577,-0.9443566489506326,-1.5936251475324552,1,3,0.132438,0.001,16,0
-1.7995898360249725,-0.8741963324749851,-1.0910206710234664,-1.9611519115760208,2,3,0.370672,0.001,16,0
-1.9624430992077229,-0.9093255368731652,-1.1358761136587716,-2.0752329045441615,3,3,0.491993,0.001,16,0
-1.9895020737107112,-0.9234330685041996,-1.1422056584602815,-2.0941880953685326,4,3,0.520018,0.001,16,0
-0.9691785819354606,-0.9050996839843253,-1.0111241394420603,-1.4991484849128136,1,0,0.65747,0.0003,16,0
-1.1086262253203154,-0.9326485281228347,-1.0392022124074616,-1.6053108844142314,2,0,0.758714,0.0003,16,0
-1.1047133792164376,-0.932485773256812,-1.037203021073483,-1.6023320091805997,3,0,0.765188,0.0003,16,0
-1.1042028838159323,-0.932485773256812,-1.0364522244777385,-1.6019433657059836,4,0,0.76617,0.0003,16,0
-1.7862382717661323,-0.9856521709262271,-1.1262154237415976,-1.8979341248585648,1,1,0.559678,0.0003,16,0
-1.8989423701339598,-0.9882098668154382,-1.1427169639618033,-1.9747060780943255,2,1,0.696511,0.0003,16,0
-1.905299454073671,-0.9882098668154382,-1.1437569452556509,-1.9790364064320094,3,1,0.700257,0.0003,16,0
-1.9051227500290708,-0.9882098668154382,-1.1435685137662892,-1.9789160388957348,4,1,0.700445,0.0003,16,0
-0.5106459713965299,-0.8575580854533547,-0.9946379896135997,-1.5682721631705654,1,2,0.56885,0.0003,16,0
-0.6578747765103172,-0.8889893785122205,-1.0435830998377718,-1.7211172645700443,2,2,0.727963,0.0003,16,0
-0.6680348488053351,-0.8887284482025644,-1.0470016414289653,-1.731664910317477,3,2,0.734452,0.0003,16,0
-0.6679916297996484,-0.8887284482025644,-1.0469831686970505,-1.7316200426483994,4,2,0.7345659999999999,0.0003,16,0
-1.7828890609362875,-0.8613286546261325,-1.0840545365020795,-1.949452784593734,1,3,0.5662020000000001,0.0003,16,0
-1.9207803885281134,-0.9199860062964696,-1.1220775059483294,-2.0460475918818015,2,3,0.731055,0.0003,16,0
-1.9229075728245393,-0.9199860062964696,-1.1223457942074742,-2.0475377142902804,3,3,0.745584,0.0003,16,0
-1.9287392225293214,-0.9199860062964696,-1.1242607786739447,-2.051622866629029,4,3,0.746607,0.0003,16,0
-1.2703284916029176,-0.9240516593582608,-1.0628472132844782,-1.728415873331116,1,0,0.888272,0.0001,16,0
-1.3319046996825383,-0.9331917051275589,-1.077869927712839,-1.7752942417513677,2,0,0.9201,0.0001,16,0
-1.3324561969884066,-0.9331917051275589,-1.0780097856702857,-1.7757141002436905,3,0,0.9215040000000001,0.0001,16,0
-2.359791353216034,-1.0800405759969876,-1.225612822448531,-2.2886279060517776,1,1,0.891962,0.0001,16,0
-2.387405540609693,-1.0800405759969876,-1.2305461416694654,-2.3074381812230547,2,1,0.923691,0.0001,16,0
-2.387668340938598,-1.0800405759969876,-1.2306436854992526,-2.3076171959603466,3,1,0.924365,0.0001,16,0
-2.387668340938598,-1.0800405759969876,-1.2306436854992526,-2.3076171959603466,4,1,0.924385,0.0001,16,0
-0.7285900275253199,-0.9139166282531855,-1.0847595958073717,-1.7945300706002518,1,2,0.887611,0.0001,16,0
-0.744573737706907,-0.9264567350211224,-1.0926468510946639,-1.8111235069292122,2,2,0.9212790000000001,0.0001,16,0
-0.7447626600890365,-0.9264567350211224,-1.0928203668393448,-1.8113196360809154,3,2,0.9216840000000001,0.0001,16,0
-2.204347556860323,-1.0075992167474055,-1.1972878104599713,-2.2446903670050755,1,3,0.875969,0.0001,16,0
-2.209206602849484,-1.0075992167474055,-1.200273710462044,-2.2480941968116626,2,3,0.909666,0.0001,16,0
-2.2086025578482116,-1.0075992167474055,-1.1998007062067249,-2.247671054823618,3,3,0.911256,0.0001,16,0
-1.380052443747724,-0.9380526809488483,-1.0874293142861213,-1.8119494330222115,1,0,0.962506,3e-05,16,0
-1.3841632081678794,-0.9380526809488483,-1.0884465326520787,-1.8150789847595925,2,0,0.974447,3e-05,16,0
-1.3841472364946759,-0.9373922977090268,-1.088440073077611,-1.8150668254207165,3,0,0.974649,3e-05,16,0
-1.3841472364946759,-0.9373922977090268,-1.088440073077611,-1.8150668254207165,4,0,0.97465,3e-05,16,0
-2.4240755201186843,-1.0208208948877155,-1.2351971004403037,-2.332417094969675,1,1,0.959946,3e-05,16,0
-2.424197980338497,-1.0275239265412603,-1.23549429158924,-2.3325005126129095,2,1,0.972786,3e-05,16,0
-2.424197980338497,-1.0275239265412603,-1.23549429158924,-2.3325005126129095,3,1,0.973159,3e-05,16,0
-0.7867543154294252,-0.9209174716522224,-1.100021869351016,-1.8549131354200785,1,2,0.9563010000000001,3e-05,16,0
-0.7895293739288509,-0.9209174716522224,-1.1000376067812998,-1.8577940533043635,2,2,0.9699770000000001,3e-05,16,0
-0.7895293739288509,-0.9209174716522224,-1.1000376067812998,-1.8577940533043635,3,2,0.9704309999999999,3e-05,16,0
-2.2198982211197644,-0.9738017449295489,-1.195034232441323,-2.2555838252346505,1,3,0.951931,3e-05,16,0
-2.2109247311723172,-0.9813433770222025,-1.193933588942138,-2.2492977697784227,2,3,0.9666239999999999,3e-05,16,0
-2.2109247311723172,-0.9813433770222025,-1.193933588942138,-2.2492977697784227,3,3,0.9667389999999999,3e-05,16,0
-1.394799603269242,-0.9368367150359852,-1.0894133119518143,-1.823176541653325,1,0,0.9721350000000001,1e-05,16,0
-1.3971278792235666,-0.93702427682599,-1.090851627185857,-1.8249490733075915,2,0,0.983274,1e-05,16,0
-1.399134534286726,-0.93702427682599,-1.09135143229224,-1.826476752881844,3,0,0.9834579999999999,1e-05,16,0
-2.431060437928702,-1.0349631715617245,-1.236815486688989,-2.337175092160835,1,1,0.9687819999999999,1e-05,16,0
-2.4321174088164677,-1.0314347303528297,-1.236815584984393,-2.3378950812361414,2,1,0.9808959999999999,1e-05,16,0
-2.4321174088164677,-1.0314347303528297,-1.236815584984393,-2.3378950812361414,3,1,0.9809040000000001,1e-05,16,0
-0.8047497762117466,-0.9134316956639141,-1.1033863146683438,-1.8735950640404901,1,2,0.965767,1e-05,16,0
-0.8055465691922983,-0.9134316956639141,-1.103227218407215,-1.8744222520612899,2,2,0.9774950000000001,1e-05,16,0
-0.8054505911889023,-0.9134316956639141,-1.1031890643646616,-1.874322612811689,3,2,0.977512,1e-05,16,0
-2.2421003148320415,-0.9910233084899556,-1.2050338143254753,-2.27113670300429,1,3,0.9601860000000001,1e-05,16,0
-2.242739005678815,-0.9910233084899556,-1.206457968878667,-2.2715841148926095,2,3,0.9733700000000001,1e-05,16,0
-2.242739005678815,-0.9910233084899556,-1.206457968878667,-2.2715841148926095,3,3,0.9733860000000001,1e-05,16,0
-0.298267274950623,-0.78960492673342,-0.8729445631105326,-0.9949060571966063,1,0,0.127117,0.003,16,1
-0.1943073405679523,-0.8101515879999633,-0.8197288371778442,-0.9152380485987507,2,0,0.185602,0.003,16,1
-0.5306560095617641,-0.8190727816504475,-0.892530343345466,-1.1729933926396663,3,0,0.289961,0.003,16,1
-1.0386930411523867,-0.8651753535958427,-0.9985840573137535,-1.5623193271079119,4,0,0.40596,0.003,16,1
-1.1448305804816692,-0.8977971082579413,-1.0251210461265352,-1.6436561079172889,5,0,0.44695100000000004,0.003,16,1
-1.2087508510643854,-0.9026937096926592,-1.0396724275173623,-1.6926403699466996,6,0,0.473979,0.003,16,1
-1.2558044872683651,-0.9183153408914192,-1.0518945954109344,-1.7286991604405488,7,0,0.48273999999999995,0.003,16,1
-0.832022696422086,-0.8217894392703746,-0.9375897946758948,-1.1942960399571463,1,1,0.0663888,0.003,16,1
-1.0203094093142266,-0.8296970907127148,-0.9687587801139926,-1.317040193740175,2,1,0.163551,0.003,16,1
-1.318953805549174,-0.8418222187896515,-1.0111693565118012,-1.5117265480497375,3,1,0.264061,0.003,16,1
-1.5668295293109038,-0.9011779598713637,-1.0513685917588655,-1.6733167924655417,4,1,0.318311,0.003,16,1
-1.8093357967319679,-0.9223676701269707,-1.087053955503334,-1.831406686991083,5,1,0.36809400000000003,0.003,16,1
-1.8737819156872764,-0.9149092578119145,-1.095565156125663,-1.8734191275625067,6,1,0.376241,0.003,16,1
-1.8729710824053063,-0.9144261615342196,-1.0952142747077458,-1.8728905451494102,7,1,0.380753,0.003,16,1
-0.11272932931659208,-0.8776872094778472,-0.9116883453649274,-1.2353109056145317,1,2,0.042580400000000004,0.003,16,1
-0.11126617659986149,-0.888370142536489,-0.9081839228646134,-1.2336865676376882,2,2,0.12470999999999999,0.003,16,1
-0.2890344369944069,-0.8885406747778333,-0.9626449890412376,-1.4310383089388519,3,2,0.248583,0.003,16,1
-0.5099793849543715,-0.9168589726791141,-1.0498782678160474,-1.6763232102751089,4,2,0.31509299999999996,0.003,16,1
-0.6129496197482436,-0.9142118620813436,-1.0773340505929048,-1.790636952748925,5,2,0.360531,0.003,16,1
-0.645989193638274,-0.9142118620813436,-1.0849078766163873,-1.8273162644808074,6,2,0.380091,0.003,16,1
-0.68470796175203,-0.9284610072178979,-1.095832999477985,-1.8703004073830698,7,2,0.38722,0.003,16,1
-1.1805125395403868,-0.5290377099716135,-0.8867801633503288,-1.4797711008100334,1,3,0.06426,0.003,16,1
-1.4881845106988982,-0.6023326437493083,-0.9453511063352187,-1.6885679241227711,2,3,0.151086,0.003,16,1
-1.7558352867435856,-0.6711212487665861,-0.993487611010796,-1.8702049825291354,3,3,0.29098,0.003,16,1
-2.096562485056344,-0.7778036624387521,-1.0931104741588213,-2.1014342243611797,4,3,0.367469,0.003,16,1
-2.197327843611831,-0.8453370431264959,-1.1220934245747314,-2.169817076029898,5,3,0.399827,0.003,16,1
-2.199985634319361,-0.8429048951924957,-1.1209658987387887,-2.1716207445755664,6,3,0.411641,0.003,16,1
-2.199985634319361,-0.8429048951924957,-1.1209658987387887,-2.1716207445755664,7,3,0.41404399999999997,0.003,16,1
-0.38647309022039833,-0.824637226537466,-0.8910255933357062,-1.062501152278397,1,0,0.163794,0.001,16,1
-0.7819138612254628,-0.8419841662200325,-0.9416532639488062,-1.3655407697180322,2,0,0.44041899999999995,0.001,16,1
-0.9215193028911577,-0.8509381453712004,-0.9758904151841361,-1.4725251343482582,3,0,0.5120439999999999,0.001,16,1
-0.9286869505570976,-0.851590267227045,-0.9780833066546392,-1.4780179448167081,4,0,0.519854,0.001,16,1
-0.925798547934316,-0.8519324379025651,-0.9776529304844267,-1.4758044643412511,5,0,0.52046,0.001,16,1
-1.047043887106046,-0.8552477378204122,-0.979912849856757,-1.3344684062942274,1,1,0.120744,0.001,16,1
-1.7101147040479168,-0.8853918735426829,-1.0610514644345692,-1.7667244326149716,2,1,0.392242,0.001,16,1
-1.8796825154047805,-0.9211594841582393,-1.0949426139037375,-1.8772657299489017,3,1,0.45843100000000003,0.001,16,1
-1.8851218466293371,-0.9211594841582393,-1.0963506308464737,-1.8808116312929137,4,1,0.46709799999999996,0.001,16,1
-1.8908300264217317,-0.9211594841582393,-1.0972140070166863,-1.8845327950834794,5,1,0.467654,0.001,16,1
-0.24510752537787583,-0.9108826985215095,-0.9633266797354739,-1.3822722779372305,1,2,0.134682,0.001,16,1
-0.5590556451742508,-0.9328933122951393,-1.069519124841909,-1.7308058574554679,2,2,0.4567,0.001,16,1
-0.6407949910196509,-0.9524260566863298,-1.1006845401893386,-1.8215498530349101,3,2,0.530808,0.001,16,1
-0.653551862804681,-0.9476464760013525,-1.1033117413547262,-1.8357120598019885,4,2,0.549142,0.001,16,1
-1.386140378202481,-0.6757277099716135,-0.9575134247182113,-1.6193172523026236,1,3,0.14156,0.001,16,1
-1.979122203208282,-0.841393248766586,-1.0956429097399687,-2.0217351939734076,2,3,0.401323,0.001,16,1
-1.9966950175307399,-0.8596994578839043,-1.1057947942877686,-2.03366071254885,3,3,0.456013,0.001,16,1
-1.979710937572678,-0.8536348505338407,-1.1002985949753288,-2.022134729441647,4,3,0.46228,0.001,16,1
-1.9848591184108164,-0.8585807099716134,-1.101519458463767,-2.0256284627212673,5,3,0.465214,0.001,16,1
-0.8454712678536309,-0.8817994476071235,-0.9954733256134973,-1.4142469568446216,1,0,0.622939,0.0003,16,1
-0.9557594845778428,-0.9060020302981938,-1.0176698584066524,-1.4987645419162345,2,0,0.744909,0.0003,16,1
-0.9568977254493152,-0.9060020302981938,-1.0176316355555888,-1.4996368143361178,3,0,0.748182,0.0003,16,1
-0.9568977254493152,-0.9060020302981938,-1.0176316355555888,-1.4996368143361178,4,0,0.7483069999999999,0.0003,16,1
-0.9568977254493152,-0.9060020302981938,-1.0176316355555888,-1.4996368143361178,5,0,0.748388,0.0003,16,1
-1.58499584346852,-0.8912067902867036,-1.0563411800580607,-1.6851594170691726,1,1,0.5781470000000001,0.0003,16,1
-1.7496189010840575,-0.9264985892334201,-1.0915236453346369,-1.7924772282403156,2,1,0.701802,0.0003,16,1
-1.753404457414896,-0.9268931194624324,-1.0921515552265397,-1.7949450333301675,3,1,0.710484,0.0003,16,1
-1.7533820029590084,-0.9268931194624324,-1.0921474003329226,-1.7949303952649307,4,1,0.710635,0.0003,16,1
-0.424655419388992,-0.8365958727236908,-1.0067227625361497,-1.5815997025933917,1,2,0.59958,0.0003,16,1
-0.5274734897575994,-0.8938527911395729,-1.0476811932457855,-1.6957445177557553,2,2,0.725472,0.0003,16,1
-0.5248260755530296,-0.8913158872317881,-1.0466798518603866,-1.6928054565191897,3,2,0.729034,0.0003,16,1
-1.803732450853695,-0.9466343454389557,-1.108951737499663,-1.9027096519477462,1,3,0.585481,0.0003,16,1
-1.9360410221413682,-0.9786099313675694,-1.139592929332922,-1.992498816940226,2,3,0.724305,0.0003,16,1
-1.9464796704755463,-0.9786099313675694,-1.143299419832727,-1.9995828441385706,3,3,0.7359640000000001,0.0003,16,1
-1.947854652406209,-0.9799159440657536,-1.1437179134497482,-2.0005159543538227,4,3,0.736065,0.0003,16,1
-1.298791886401816,-0.9115541082579413,-1.07358946124411,-1.7616418561444245,1,0,0.898918,0.0001,16,1
-1.31010204411532,-0.9055833700832402,-1.0744155328137543,-1.770309211961001,2,0,0.92785,0.0001,16,1
-1.310225212383691,-0.9055833700832402,-1.074528015366946,-1.770403599964628,3,0,0.9285,0.0001,16,1
-1.3102299961972386,-0.9055833700832402,-1.0745316468563075,-1.770407265962506,4,0,0.928509,0.0001,16,1
-2.582174565731727,-1.0270834048617086,-1.22363388047987,-2.335220467870747,1,1,0.906959,0.0001,16,1
-2.6040766706643192,-1.0292517230565388,-1.2279866103628725,-2.349498455386298,2,1,0.927897,0.0001,16,1
-2.604308862520494,-1.0292517230565388,-1.2280454869586173,-2.3496498213136316,3,1,0.9279379999999999,0.0001,16,1
-0.6889732152612218,-0.9587446810194767,-1.1131279153212652,-1.8750355339195037,1,2,0.8912260000000001,0.0001,16,1
-0.700757302717621,-0.9509418531991638,-1.1163813995827752,-1.8881177915396439,2,2,0.9207059999999999,0.0001,16,1
-0.700757302717621,-0.9509418531991638,-1.1163813995827752,-1.8881177915396439,3,2,0.921457,0.0001,16,1
-2.3047279590972787,-1.066435756566064,-1.2149293355607937,-2.2427025028445153,1,3,0.8943,0.0001,16,1
-2.317242661404928,-1.0696365141351754,-1.2167412214778097,-2.2511954119538586,2,3,0.9212319999999999,0.0001,16,1
-2.317242661404928,-1.0696365141351754,-1.2167412214778097,-2.2511954119538586,3,3,0.921486,0.0001,16,1
-1.3835736538047936,-0.9343095705207979,-1.093778328370338,-1.826612987710738,1,0,0.9583889999999999,3e-05,16,1
-1.38532165190759,-0.939623364238191,-1.0930621424889564,-1.8279525376893868,2,0,0.9714799999999999,3e-05,16,1
-1.3847102696663969,-0.9380407205809308,-1.0928376361059777,-1.8274840148306797,3,0,0.9716540000000001,3e-05,16,1
-2.6522985977045423,-1.0367124151715195,-1.2324923921069766,-2.380934341314849,1,1,0.954592,3e-05,16,1
-2.6580966418199385,-1.0367124151715195,-1.2329098465842074,-2.384714087679366,2,1,0.96751,3e-05,16,1
-2.6581201133965626,-1.0367124151715195,-1.2329252508395268,-2.384729388805858,3,1,0.967521,3e-05,16,1
-0.7338284254821685,-0.9598325235503056,-1.1299145640564534,-1.9248321276640035,1,2,0.952335,3e-05,16,1
-0.7376510984601812,-0.9510038520442472,-1.130382506899253,-1.929075917680069,2,2,0.9677610000000001,3e-05,16,1
-0.7374669136570313,-0.9510038520442472,-1.1303024990694657,-1.928871442530556,3,2,0.9678389999999999,3e-05,16,1
-2.355600925133183,-1.084506628652277,-1.2279654754188947,-2.2772266542021997,1,3,0.958822,3e-05,16,1
-2.3659304472716682,-1.0900808645027467,-1.2290611831136935,-2.2842366245961006,2,3,0.972483,3e-05,16,1
-2.366448284966995,-1.0900808645027467,-1.2291703933264595,-2.2845880471367,3,3,0.9730700000000001,3e-05,16,1
-2.366448284966995,-1.0900808645027467,-1.2291703933264595,-2.2845880471367,4,3,0.9730709999999999,3e-05,16,1
-1.3962018892219006,-0.9292734575408933,-1.0967713667877754,-1.836290430985015,1,0,0.967031,1e-05,16,1
-1.3942653199138544,-0.9280149759827193,-1.0963290276634514,-1.8348063725234554,2,0,0.9790530000000001,1e-05,16,1
-1.3942653199138544,-0.9280149759827193,-1.0963290276634514,-1.8348063725234554,3,0,0.979068,1e-05,16,1
-2.645733534576178,-1.0268273506620398,-1.2306593611444563,-2.37665457506982,1,1,0.96198,1e-05,16,1
-2.6526660952338155,-1.0292517230565388,-1.2316680214940279,-2.381173913043279,2,1,0.973474,1e-05,16,1
-2.6526660952338155,-1.0292517230565388,-1.2316680214940279,-2.381173913043279,3,1,0.973483,1e-05,16,1
-0.7489902711470859,-0.9622420072178979,-1.1336140285849963,-1.9416642473948817,1,2,0.960901,1e-05,16,1
-0.7471065748050758,-0.9609833369390569,-1.1320501228552533,-1.9395730374547426,2,2,0.97544,1e-05,16,1
-0.7471065748050758,-0.9609833369390569,-1.1320501228552533,-1.9395730374547426,3,2,0.975467,1e-05,16,1
-2.338441850788725,-1.0972637545867636,-1.22391353422151,-2.265581913861962,1,3,0.968447,1e-05,16,1
-2.3414542618030887,-1.1016242856008909,-1.2260539721734434,-2.2676262399926235,2,3,0.981008,1e-05,16,1
-2.3416058399790023,-1.1016242856008909,-1.2261007619606776,-2.2677291061766804,3,3,0.981211,1e-05,16,1
-0.2926932042305528,-0.8221355329279241,-0.8819018232994444,-1.0059143793892973,1,0,0.137936,0.003,16,2
-0.1994753393397073,-0.7935314762364765,-0.8364086061889596,-0.9333765255483435,2,0,0.198297,0.003,16,2
-0.5347502948378124,-0.8017316711273276,-0.9053118844400133,-1.19427207112785,3,0,0.338373,0.003,16,2
-0.6690440581174233,-0.8309617348156965,-0.9384188324214264,-1.2987732993412924,4,0,0.39022399999999996,0.003,16,2
-0.8491335115046852,-0.8539877109275429,-0.9791973631624182,-1.4389106267022989,5,0,0.42716099999999996,0.003,16,2
-0.8783377426741816,-0.8679308174104161,-0.9869924152411301,-1.46163601581726,6,0,0.446295,0.003,16,2
-0.929486326087333,-0.8467867538696692,-0.9682201756050116,-1.2725474354376305,1,1,0.052837,0.003,16,2
-0.9580535795979115,-0.8561725907886168,-0.9617402600814653,-1.291388297226012,2,1,0.141812,0.003,16,2
-1.222501493765713,-0.8978068423547858,-0.9940979113133611,-1.465798714356812,3,1,0.288877,0.003,16,2
-1.4823101579869191,-0.9515099664246384,-1.0442186715559065,-1.637149423034603,4,1,0.362645,0.003,16,2
-1.6072430179658581,-0.949774921423222,-1.0645345849057732,-1.719545959573153,5,1,0.39208000000000004,0.003,16,2
-1.6592109142380305,-0.9586194167892965,-1.076616031963672,-1.7538201662529926,6,1,0.40837399999999996,0.003,16,2
-1.7578562646602256,-1.0023637649553183,-1.096093071494789,-1.8188793926389948,7,1,0.415867,0.003,16,2
-0.12526044035691153,-0.8085316928360022,-0.88019355335638,-1.184162315360893,1,2,0.0660086,0.003,16,2
-0.36075668900434676,-0.8651842983307285,-0.9589319772620815,-1.4319856396827721,2,2,0.23550900000000002,0.003,16,2
-0.541861891369815,-0.8999713633718529,-1.0242754221775865,-1.6225708127374419,3,2,0.328482,0.003,16,2
-0.6023893299550234,-0.9230789634375949,-1.0453088545257958,-1.6862665664024252,4,2,0.380247,0.003,16,2
-0.6899037027472608,-0.9453204353249978,-1.0770889340552203,-1.7783618881575758,5,2,0.422263,0.003,16,2
-0.735729389141635,-0.962080762803968,-1.0971722172266427,-1.8265863248813556,6,2,0.450323,0.003,16,2
-1.0396156056389372,-0.6289641331808069,-0.9169495778650599,-1.408718334355021,1,3,0.0718688,0.003,16,2
-1.1679880974834869,-0.655190151800198,-0.9353305382112037,-1.4973824347807514,2,3,0.17743399999999998,0.003,16,2
-1.4826083749471524,-0.7709226599220991,-1.010962011151491,-1.7146838478497535,3,3,0.310187,0.003,16,2
-1.7969722530298022,-0.8855998910498688,-1.0768759858144201,-1.9318081714181872,4,3,0.37545500000000004,0.003,16,2
-2.0469454205991737,-0.943589952816989,-1.1330989344316846,-2.1044592255080876,5,3,0.416713,0.003,16,2
-2.0555037306154222,-0.9463022044004983,-1.1356006796664595,-2.1103702649204417,6,3,0.42723500000000003,0.003,16,2
-2.076043868636374,-0.955187364123856,-1.1401424752431826,-2.1245568934892263,7,3,0.439042,0.003,16,2
-0.3707659548797406,-0.8301155329279241,-0.8971295338030266,-1.0666670020993696,1,0,0.172097,0.001,16,2
-0.9771781604322132,-0.9333893318358122,-1.0346965620562487,-1.5385490816261191,2,0,0.440543,0.001,16,2
-1.0938485891615826,-0.9333893318358122,-1.056722669235192,-1.6293366416785005,3,0,0.495242,0.001,16,2
-1.1078567725982738,-0.9347923795702735,-1.060811407782655,-1.6402371655630352,4,0,0.50629,0.001,16,2
-1.111981629577104,-0.9335764220921374,-1.0619809031328367,-1.6434469394941973,5,0,0.509123,0.001,16,2
-1.026562449857789,-0.8518987843267128,-0.9779145512643485,-1.3365717152037513,1,1,0.12172999999999999,0.001,16,2
-1.5456514398596588,-0.9014008800783649,-1.0416868272687072,-1.6789246793371135,2,1,0.404887,0.001,16,2
-1.7604149634645196,-0.933113787268375,-1.0762943142487071,-1.8205669224014183,3,1,0.46093,0.001,16,2
-1.8233978869435572,-0.9370414991048175,-1.0879096793998688,-1.862105831833413,4,1,0.488775,0.001,16,2
-0.14044762807472022,-0.8468927174480305,-0.8842029262551566,-1.2001444780023136,1,2,0.13321,0.001,16,2
-0.576442451839053,-0.9224573696139876,-1.0424232513736311,-1.6589614962477786,2,2,0.39869299999999996,0.001,16,2
-0.5964685582691993,-0.9232902056336738,-1.0470276832880694,-1.680035871305755,3,2,0.452838,0.001,16,2
-0.5932122920023548,-0.925694254643637,-1.0459919386923247,-1.6766091554418658,4,2,0.467556,0.001,16,2
-0.6055873266088825,-0.9223872503027489,-1.0487183090402894,-1.6896319625243656,5,2,0.471249,0.001,16,2
-1.3035989707089986,-0.6295050076720887,-0.9398456027432152,-1.591045928491287,1,3,0.152096,0.001,16,2
-1.623156640822971,-0.789006383503023,-1.0425157627973234,-1.8117574917528876,2,3,0.410336,0.001,16,2
-1.664697677386326,-0.7911298150205024,-1.0473265090261064,-1.8404489862056272,3,3,0.451059,0.001,16,2
-1.6656925010662174,-0.7911298150205024,-1.0492416839724692,-1.8411360893800877,4,3,0.46320100000000003,0.001,16,2
-1.6685370620960258,-0.7911298150205024,-1.0498104873767244,-1.8431007660891718,5,3,0.46732299999999993,0.001,16,2
-0.776350898742554,-0.9064837512813178,-0.9960955353766145,-1.3822745459158068,1,0,0.5426300000000001,0.0003,16,2
-0.9722319108087734,-0.957671892927924,-1.0440827948308755,-1.5347001377282292,2,0,0.6934020000000001,0.0003,16,2
-0.973996715942304,-0.957671892927924,-1.0453929141500244,-1.536073427890836,3,0,0.700901,0.0003,16,2
-0.974822915440255,-0.957671892927924,-1.0457164205330032,-1.5367163383296882,4,0,0.701206,0.0003,16,2
-1.6827449549732045,-0.9438375907886168,-1.102670313266317,-1.769341490648051,1,1,0.543279,0.0003,16,2
-1.979236495037532,-0.9803239320264884,-1.146172500762123,-1.964885529409348,2,1,0.7045100000000001,0.0003,16,2
-1.9711620321175571,-0.9796893036723922,-1.1448061972075607,-1.9595602068390725,3,1,0.71026,0.0003,16,2
-1.971648136342357,-0.9794820258730285,-1.144757275505433,-1.959880805475228,4,1,0.7105100000000001,0.0003,16,2
-0.8072314971822208,-0.9923973147790104,-1.118271563173387,-1.901831218217932,1,2,0.552179,0.0003,16,2
-0.9029621066611433,-1.0195935501294193,-1.1507817347207299,-2.002572856425274,2,2,0.701724,0.0003,16,2
-0.9034815616513785,-1.019621963438805,-1.1507167301249854,-2.003119502341101,3,2,0.705649,0.0003,16,2
-0.9034815616513785,-1.019621963438805,-1.1507167301249854,-2.003119502341101,4,2,0.705866,0.0003,16,2
-2.0976193461441515,-0.9516359021367274,-1.1680601194311728,-2.13945860862302,1,3,0.5814560000000001,0.0003,16,2
-2.2097279826110037,-0.9581720480162847,-1.1810776588727412,-2.2168896163059224,2,3,0.72416,0.0003,16,2
-2.214037182042422,-0.9512566794782142,-1.1812481867025282,-2.2198658870447066,3,3,0.72716,0.0003,16,2
-2.21175445773335,-0.9512566794782142,-1.1809745177663582,-2.2182892587930025,4,3,0.727646,0.0003,16,2
-1.2867157670557177,-0.9787625480407901,-1.0968653014770187,-1.7794170063938262,1,0,0.888942,0.0001,16,2
-1.3083751548518947,-0.9790436684379463,-1.0986348101546641,-1.7962713455066492,2,0,0.921273,0.0001,16,2
-1.308399257944453,-0.9790436684379463,-1.098952566409983,-1.796290101424382,3,0,0.921954,0.0001,16,2
-2.716909129633829,-1.0743188242548765,-1.266778954628447,-2.451400207775381,1,1,0.8951319999999999,0.0001,16,2
-2.7331837116892292,-1.078606212731625,-1.2710988906300342,-2.4621337265245993,2,1,0.9205479999999999,0.0001,16,2
-2.7339778258828193,-1.078606212731625,-1.271124566792343,-2.4626574659089293,3,1,0.921333,0.0001,16,2
-0.6283362218212378,-0.8939175205707903,-1.0639392295329309,-1.7135716510270744,1,2,0.899882,0.0001,16,2
-0.6402891369881449,-0.8915220900145282,-1.0662943297945033,-1.7261502427839013,2,2,0.931541,0.0001,16,2
-0.6401885247428973,-0.8915220900145282,-1.0662052429859927,-1.7260443639801923,3,2,0.9325370000000001,0.0001,16,2
-2.3476197234940983,-1.0404566026645785,-1.2200273354445659,-2.312128455919182,1,3,0.8946350000000001,0.0001,16,2
-2.3548068869684013,-1.0397774181432609,-1.2229225338456375,-2.3170924741048955,2,3,0.921343,0.0001,16,2
-2.3545871904604048,-1.0397774181432609,-1.2220825390505194,-2.3169407344839823,3,3,0.923093,0.0001,16,2
-1.464058471744619,-0.990830127400932,-1.133444118424598,-1.9174169402857502,1,0,0.961224,3e-05,16,2
-1.4665651689724717,-0.9899926333900326,-1.1338808988240927,-1.919367536744384,2,0,0.9754370000000001,3e-05,16,2
-1.4665809173847206,-0.9899926333900326,-1.1338938758453692,-1.9193797914342685,3,0,0.975447,3e-05,16,2
-2.4900426139529905,-1.0237619662782271,-1.2239155187110742,-2.301775720256077,1,1,0.954642,3e-05,16,2
-2.510934623145399,-1.0178641655764384,-1.228128573528416,-2.315554554736263,2,1,0.968089,3e-05,16,2
-2.5108416756476,-1.0178641655764384,-1.2281121045922458,-2.3154932533948873,3,1,0.968126,3e-05,16,2
-0.6937876369277525,-0.8943538690913326,-1.0833669505952372,-1.782449127277456,1,2,0.951817,3e-05,16,2
-0.6946583610125423,-0.8968174764875475,-1.083727979727152,-1.7833654295051948,2,2,0.9678399999999999,3e-05,16,2
-0.6948610339419541,-0.8968174764875475,-1.0838082299399179,-1.7835787113702153,3,2,0.9679770000000001,3e-05,16,2
-2.4382644488276783,-1.054720900067858,-1.2375424742504344,-2.374734804947379,1,3,0.959807,3e-05,16,2
-2.4452496151481222,-1.0529911701673083,-1.2389570930319687,-2.379559308072832,2,3,0.972389,3e-05,16,2
-2.445318874686209,-1.0529911701673083,-1.2389229389894152,-2.3796071441360898,3,3,0.9724200000000001,3e-05,16,2
-1.4784412526999118,-0.9962868318358121,-1.1357344679349517,-1.928608958725382,1,0,0.9701209999999999,1e-05,16,2
-1.4859936689450808,-0.9977502529945501,-1.1371143804106547,-1.9344859015879936,2,0,0.983733,1e-05,16,2
-1.4859936689450808,-0.9977502529945501,-1.1371143804106547,-1.9344859015879936,3,0,0.983741,1e-05,16,2
-2.4895234680105296,-1.0244594364679258,-1.223612563659435,-2.3014333297302856,1,1,0.962872,1e-05,16,2
-2.501344288525874,-1.0249739003828593,-1.2267497066496578,-2.309229474552972,2,1,0.9757469999999999,1e-05,16,2
-2.501344288525874,-1.0249739003828593,-1.2267497066496578,-2.309229474552972,3,1,0.975748,1e-05,16,2
-0.7078264177064277,-0.9035051886844598,-1.085560852752499,-1.797222769498849,1,2,0.9612280000000001,1e-05,16,2
-0.7096366300397496,-0.903642613351535,-1.086153705988164,-1.799127737585385,2,2,0.9743299999999999,1e-05,16,2
-0.7096366300397496,-0.903642613351535,-1.086153705988164,-1.799127737585385,3,2,0.974332,1e-05,16,2
-2.421878161650227,-1.0643562816313752,-1.2374140169287595,-2.3634171512115167,1,3,0.9691709999999999,1e-05,16,2
-2.4226493490255048,-1.0645435593960597,-1.2382804607825517,-2.3639497936328504,2,3,0.9811549999999999,1e-05,16,2
-2.4227048891190237,-1.0645435593960597,-1.238295985037871,-2.3639881539728163,3,3,0.9816549999999999,1e-05,16,2
-0.32198376786377936,-0.8238891601253869,-0.8969389377128871,-1.0271899085008722,1,0,0.1274,0.003,16,3
-0.22790350702643747,-0.8251133334228051,-0.8419425849826873,-0.9540889394342043,2,0,0.21160900000000002,0.003,16,3
-0.6730706662039703,-0.8624083895319143,-0.949377235572945,-1.2999866914482678,3,0,0.340699,0.003,16,3
-0.8720894509673425,-0.8727458633402592,-0.9879422765144285,-1.4546255699886497,4,0,0.40411199999999997,0.003,16,3
-0.9490132087766532,-0.8966843367042405,-1.0049798907170628,-1.5143958256199814,5,0,0.42347399999999996,0.003,16,3
-0.9798791481260918,-0.9058735010322977,-1.011883184749882,-1.5383788594414753,6,0,0.441596,0.003,16,3
-0.9776306239388977,-0.9033523413904864,-1.0074474504420794,-1.5366317416551214,7,0,0.446435,0.003,16,3
-1.209088493260725,-0.8464051346088162,-0.9755794422133782,-1.291736579481165,1,1,0.0627379,0.003,16,3
-1.3550299436255462,-0.8837709397703144,-1.007791880240818,-1.3770739982735252,2,1,0.161925,0.003,16,3
-1.656445409504852,-0.932105100030789,-1.0432702051453924,-1.5533228828634573,3,1,0.301425,0.003,16,3
-1.9436612928587946,-0.9761982261062243,-1.0851026744771204,-1.7212687410163183,4,1,0.37459899999999996,0.003,16,3
-2.044992444326744,-1.0005997684350232,-1.0944959663528229,-1.780520851283251,5,1,0.407224,0.003,16,3
-2.0519710366757984,-0.972216117326693,-1.0930931187569528,-1.784601494968672,6,1,0.428596,0.003,16,3
-2.0969761060426237,-0.9719119583993088,-1.0993070855882394,-1.810917640537565,7,1,0.435979,0.003,16,3
-0.11381761067363372,-0.9106114367126944,-0.9173498867377353,-1.246211052262913,1,2,0.055268399999999995,0.003,16,3
-0.19675485706141216,-0.8967883204029397,-0.9443495738169592,-1.3390065980526693,2,2,0.144567,0.003,16,3
-0.39464775999352053,-0.8865405099878774,-1.0048607183820906,-1.560421954063455,3,2,0.250272,0.003,16,3
-0.48529556447004585,-0.952639436517848,-1.0472058533519593,-1.6618445700460587,4,2,0.298765,0.003,16,3
-0.5454781790684766,-0.9539135113926879,-1.0621767727063047,-1.7291807647227473,5,2,0.33933,0.003,16,3
-0.590668072766952,-0.9491025518774696,-1.074733554486773,-1.7797421353079783,6,2,0.37648000000000004,0.003,16,3
-0.6390396623775896,-0.929397445285459,-1.0886923773995594,-1.8338633926939558,7,2,0.391518,0.003,16,3
-1.100962482115123,-0.5812165655705294,-0.8874681768792273,-1.4325041701904802,1,3,0.0627923,0.003,16,3
-1.2321449213901348,-0.6308368795936226,-0.9166107461812998,-1.5219486000253377,2,3,0.133882,0.003,16,3
-1.659668342118707,-0.7686887603202325,-1.014879013450501,-1.8134478953536495,3,3,0.271301,0.003,16,3
-1.934941096067464,-0.8438538328673787,-1.0903909500776776,-2.001137761940141,4,3,0.354722,0.003,16,3
-2.177958474838342,-0.9455481410487325,-1.1560667782312388,-2.1668348705184783,5,3,0.39844,0.003,16,3
-2.2011968667374164,-0.9455481410487325,-1.1613562410874159,-2.182679557697486,6,3,0.402902,0.003,16,3
-2.2085944633097454,-0.9455481410487325,-1.1626434841512456,-2.1877234782955246,7,3,0.406463,0.003,16,3
-0.36962310148357846,-0.8477551586095136,-0.9092598668309794,-1.064205977783658,1,0,0.15825899999999998,0.001,16,3
-0.970304964925224,-0.9312315583394799,-1.025399491897116,-1.530939657383827,2,0,0.436676,0.001,16,3
-1.1148083769714972,-0.953221570198836,-1.0551719391264855,-1.643219739943184,3,0,0.533752,0.001,16,3
-1.135318704094602,-0.9715612601253869,-1.060663509833974,-1.6591563963175278,4,0,0.56089,0.001,16,3
-1.3232468554846974,-0.8922984986225109,-0.99956247160225,-1.3584892391361452,1,1,0.13283399999999998,0.001,16,3
-1.9411504002909457,-0.9402889088530706,-1.0773220400180568,-1.7198005283182156,2,1,0.42690900000000004,0.001,16,3
-2.04139284488481,-0.9522579416845036,-1.094016661715148,-1.778416030998862,3,1,0.482967,0.001,16,3
-2.0647783454687283,-0.9552888269368409,-1.0980640989887807,-1.792090406935308,4,1,0.48889399999999994,0.001,16,3
-2.057131721889684,-0.9536421001178684,-1.096705906648355,-1.7876191404302735,5,1,0.490254,0.001,16,3
-0.17343543926507365,-0.9316039700381468,-0.943052528767375,-1.3129153278916976,1,2,0.108244,0.001,16,3
-0.573101718319788,-0.9590927066414265,-1.078242869574043,-1.7600877638469419,2,2,0.409595,0.001,16,3
-0.6211880893652346,-0.9498209014902717,-1.0949977204956853,-1.813889900288121,3,2,0.49844099999999997,0.001,16,3
-0.6292713943115147,-0.9498209014902717,-1.0972897671391673,-1.8229340237301748,4,2,0.524069,0.001,16,3
-1.2989665173248461,-0.652580309345201,-0.932889915924874,-1.5675097252953567,1,3,0.143068,0.001,16,3
-1.8171375044371008,-0.8402040623660014,-1.0766207682481606,-1.920815463131635,2,3,0.394581,0.001,16,3
-1.984780756972404,-0.8423173576950844,-1.1086754772929146,-2.035120054672627,3,3,0.49358900000000006,0.001,16,3
-2.0846184923920905,-0.8610991643331436,-1.1317267400740112,-2.1031926516602195,4,3,0.554107,0.001,16,3
-1.0492069029038986,-0.9227914262429597,-1.0464049096780825,-1.592246971757151,1,0,0.642968,0.0003,16,3
-1.1368037211111046,-0.9386475711558753,-1.0649369383786693,-1.6603102641110548,2,0,0.733754,0.0003,16,3
-1.1344385030399176,-0.9399602595254914,-1.0650438815276055,-1.658472474424686,3,0,0.736064,0.0003,16,3
-1.1344829938909942,-0.9399602595254914,-1.0650887462084564,-1.6585070441027392,4,0,0.736146,0.0003,16,3
-2.1113509333357463,-0.9222765915964795,-1.0917050266949928,-1.8193231391379596,1,1,0.519991,0.0003,16,3
-2.338240826784235,-0.9420855459469322,-1.1241706525386412,-1.9519941370523044,2,1,0.6943819999999999,0.0003,16,3
-2.343456525779707,-0.9437706304096846,-1.1259462245779224,-1.9550439511274615,3,1,0.7018439999999999,0.0003,16,3
-2.3459441892941197,-0.9437706304096846,-1.1262758415991991,-1.9564985809301203,4,1,0.702643,0.0003,16,3
-0.413142621401537,-0.8974680258737844,-1.0049251076936578,-1.5811151990578498,1,2,0.573804,0.0003,16,3
-0.4992565043685462,-0.915511542973124,-1.0405752835974622,-1.677464970940032,2,2,0.7321489999999999,0.0003,16,3
-0.4972573755543708,-0.915511542973124,-1.039530484608202,-1.675228216556506,3,2,0.736811,0.0003,16,3
-0.4996070468886582,-0.9161724776008076,-1.0405220718422448,-1.6778571805429914,4,2,0.737064,0.0003,16,3
-1.927248360833996,-0.8547457506126621,-1.102533222145451,-1.9958926062574849,1,3,0.58703,0.0003,16,3
-2.045833356802567,-0.8810500035874146,-1.1286409793878482,-2.0767476918161667,2,3,0.7258399999999999,0.0003,16,3
-2.0446280855545207,-0.8805177242382234,-1.1281468370315209,-2.0759258988980474,3,3,0.730052,0.0003,16,3
-1.33657709901175,-0.9591784207397074,-1.1019123744836699,-1.8155354663828416,1,0,0.887403,0.0001,16,3
-1.3710757951591956,-0.9727776526277416,-1.1109084486385896,-1.842341175651388,2,0,0.9205450000000001,0.0001,16,3
-1.3712830863444796,-0.9727776526277416,-1.110903232553483,-1.8425022422384527,3,0,0.9215030000000001,0.0001,16,3
-1.3712830863444796,-0.9727776526277416,-1.110903232553483,-1.8425022422384527,4,0,0.9215120000000001,0.0001,16,3
-2.745781122546546,-0.9893357829826536,-1.1964969474991016,-2.190298174783136,1,1,0.8915540000000001,0.0001,16,3
-2.769295516849566,-0.9919125013774892,-1.2000997152432336,-2.2040479196929565,2,1,0.9232879999999999,0.0001,16,3
-2.768270617838363,-0.9920508652544477,-1.1999617050304674,-2.20344862294813,3,1,0.92366,0.0001,16,3
-0.6335225040726256,-0.9595367514467469,-1.1029930696432688,-1.8276904397878049,1,2,0.893433,0.0001,16,3
-0.6528189994582474,-0.9480277536035479,-1.1072943332384788,-1.8492806046308246,2,2,0.9201940000000001,0.0001,16,3
-0.6528518099426772,-0.9480277536035479,-1.1073040464299682,-1.8493173151190903,3,2,0.921273,0.0001,16,3
-2.1885280679130057,-1.0103311671326214,-1.1850897874252855,-2.174041560921359,1,3,0.898833,0.0001,16,3
-2.220655966171276,-1.0143238170275195,-1.1919396564555857,-2.1959474010428326,2,3,0.926399,0.0001,16,3
-2.2206631778447408,-1.0143238170275195,-1.1919732624130326,-2.195952318195043,3,3,0.9276409999999999,0.0001,16,3
-2.2206631778447408,-1.0143238170275195,-1.1919732624130326,-2.195952318195043,4,3,0.927649,0.0001,16,3
-1.4553214904711371,-0.9851759608585817,-1.126110556932552,-1.9078006239159468,1,0,0.9551209999999999,3e-05,16,3
-1.457047848406833,-0.9851759608585817,-1.1260436142885597,-1.9091420151592544,2,0,0.969935,3e-05,16,3
-1.4571989437647477,-0.9851759608585817,-1.1261626839055812,-1.909259417226242,3,0,0.969994,3e-05,16,3
-2.843777284713496,-0.9947627359658598,-1.2079391972100064,-2.2476001922016287,1,1,0.9532379999999999,3e-05,16,3
-2.870889767704679,-0.9980002492335238,-1.2134162387918246,-2.2634538740016628,2,1,0.96864,3e-05,16,3
-2.870971113810393,-0.9980002492335238,-1.2134366260258673,-2.2635014401089824,3,1,0.968673,3e-05,16,3
-0.6967551416363884,-0.9578682420416172,-1.1216383793763924,-1.898439197071358,1,2,0.949476,3e-05,16,3
-0.6978081674800858,-0.9548117588026404,-1.121431364262899,-1.8996173903699363,2,2,0.964727,3e-05,16,3
-0.6978081674800858,-0.9548117588026404,-1.121431364262899,-1.8996173903699363,3,2,0.9647709999999999,3e-05,16,3
-2.2234736193804245,-1.0329445499462022,-1.1956317780864973,-2.1978685681301156,1,3,0.958839,3e-05,16,3
-2.223439291473858,-1.0420727303567312,-1.1949804472716135,-2.1978451622531763,2,3,0.971427,3e-05,16,3
-2.2242109340206255,-1.0420727303567312,-1.1954118379099112,-2.19837129309823,3,3,0.9715389999999999,3e-05,16,3
-1.4725561373091458,-0.9988843138400689,-1.13016461418818,-1.921192055595313,1,0,0.9637979999999999,1e-05,16,3
-1.4752770508785331,-1.0062140892806775,-1.1312154625069408,-1.9233062229764255,2,0,0.97693,1e-05,16,3
-1.4752770508785331,-1.0062140892806775,-1.1312154625069408,-1.9233062229764255,3,0,0.976941,1e-05,16,3
-2.8726787645420937,-1.0105808866538104,-1.2123741845335103,-2.264499967294219,1,1,0.962983,1e-05,16,3
-2.8968706384814027,-1.0100190854181428,-1.2157860263195839,-2.2786458598598345,2,1,0.975083,1e-05,16,3
-2.8968706384814027,-1.0100190854181428,-1.2157860263195839,-2.2786458598598345,3,1,0.975093,1e-05,16,3
-0.7117464468118786,-0.9708823671771208,-1.1263219589122875,-1.9152124371588828,1,2,0.9587600000000001,1e-05,16,3
-0.7094473676257955,-0.9651981373570901,-1.1250209034241447,-1.9126400789341,2,2,0.9730530000000001,1e-05,16,3
-0.7094473676257955,-0.9651981373570901,-1.1250209034241447,-1.9126400789341,3,2,0.97341,1e-05,16,3
-2.227088107553661,-1.0329445499462022,-1.1948715623135548,-2.200333043067361,1,3,0.967277,1e-05,16,3
-2.2294551026361002,-1.0369682620207794,-1.1960590117474281,-2.2019469368685494,2,3,0.9787299999999999,1e-05,16,3
-2.2294785187200343,-1.0369682620207794,-1.196077367492109,-2.2019629027119048,3,3,0.978741,1e-05,16,3
-0.3213910340044639,-0.8316669658083103,-0.8971367575738192,-1.0328873502540248,1,0,0.12573499999999999,0.003,16,4
-0.2547120548353563,-0.7943755209419179,-0.8527767959319356,-0.9807666135914583,2,0,0.20888400000000001,0.003,16,4
-0.6182368628692294,-0.8077786713744868,-0.9225751942399238,-1.2649218455093114,3,0,0.347659,0.003,16,4
-0.8385496788487439,-0.8336969733136772,-0.9649441429116954,-1.4371330342249409,4,0,0.403271,0.003,16,4
-0.908843370427556,-0.8160501550848333,-0.9761047481584463,-1.4920792711570794,5,0,0.435562,0.003,16,4
-0.9601599404817771,-0.8159641520364374,-0.9869890409636684,-1.5321917244002354,6,0,0.449784,0.003,16,4
-0.9827091810608781,-0.8088229851355888,-0.991166110074079,-1.5498177145519965,7,0,0.462276,0.003,16,4
-0.9209709912393196,-0.8333758684711905,-0.9449027786042117,-1.2131383095023331,1,1,0.0564206,0.003,16,4
-1.1267273649798826,-0.9122787815529017,-0.9779679663630153,-1.3430782932643575,2,1,0.20144,0.003,16,4
-1.3279920662632754,-0.8946852249087041,-1.0046644319563778,-1.4701816803487744,3,1,0.326839,0.003,16,4
-1.7449117419449562,-0.9372165012098127,-1.0747329094872573,-1.7334762500540821,4,1,0.41013,0.003,16,4
-1.923939728903031,-0.9556630359636318,-1.1039715134420816,-1.8465366296446177,5,1,0.442276,0.003,16,4
-1.9661262087111977,-0.9556249906135689,-1.1085280417784262,-1.8731783827120683,6,1,0.459661,0.003,16,4
-0.10978235824084948,-0.890083100190223,-0.9092727074261246,-1.2202332839147376,1,2,0.050073599999999996,0.003,16,4
-0.12020118473877628,-0.8323470923903743,-0.9075183446743738,-1.231689042584623,2,2,0.140209,0.003,16,4
-0.49032456552636816,-0.9109583211488091,-1.0255899606799865,-1.6386488983062182,3,2,0.29945900000000003,0.003,16,4
-0.6936220389778869,-0.9829822549190042,-1.0962962189372216,-1.862179522846457,4,2,0.364863,0.003,16,4
-0.7081972893085176,-0.9799124069956764,-1.0998060596409136,-1.8782053728185333,5,2,0.393924,0.003,16,4
-0.7124552416302188,-0.9891973711777622,-1.1034926625055634,-1.8828870972176288,6,2,0.412691,0.003,16,4
-0.7201460258899144,-0.9867260502939709,-1.1051318119173765,-1.8913433056475084,7,2,0.42613,0.003,16,4
-1.2745930179395484,-0.6375522077071755,-0.9167723619912218,-1.5505485242381196,1,3,0.06302250000000001,0.003,16,4
-1.321365800672682,-0.6031584471177359,-0.9322581561240522,-1.58243267611469,2,3,0.189919,0.003,16,4
-1.6744953454628435,-0.734232580852173,-1.0174976305792638,-1.8231546383386221,3,3,0.315577,0.003,16,4
-1.8647700950551918,-0.8285301209203749,-1.0755821142094386,-1.9528614605495898,4,3,0.397584,0.003,16,4
-1.9731956654882072,-0.8710371962466069,-1.1033350155500614,-2.026773191966439,5,3,0.44938199999999995,0.003,16,4
-2.0203437007048444,-0.9001519350655741,-1.1090463030000124,-2.0589131466085697,6,3,0.46699300000000005,0.003,16,4
-0.38349377563349596,-0.8691204355256776,-0.9104205704354955,-1.081430994485006,1,0,0.164474,0.001,16,4
-0.9241802019311962,-0.9204563034010048,-1.0047654281680118,-1.504067561409875,2,0,0.43551000000000006,0.001,16,4
-1.1314440364247158,-0.9490920616779276,-1.047509493714497,-1.6660787960137093,3,0,0.523504,0.001,16,4
-1.1764855690633174,-0.9593233680553845,-1.058575725272443,-1.7012862615566517,4,0,0.5431189999999999,0.001,16,4
-1.0497464715914528,-0.840995405953332,-0.967455213265038,-1.2944630506109693,1,1,0.120773,0.001,16,4
-1.5654606839391039,-0.9363480013518671,-1.050622580402822,-1.6201486911578513,2,1,0.39300100000000004,0.001,16,4
-1.7985465555923903,-0.9974483511491506,-1.0890924471826797,-1.7673478948917498,3,1,0.49402299999999993,0.001,16,4
-1.856689702659835,-0.9835027510385975,-1.0967093997622985,-1.8040666581964677,4,1,0.519363,0.001,16,4
-0.08484229287551015,-0.8509397889708844,-0.8808334060818634,-1.1928110622189125,1,2,0.119726,0.001,16,4
-0.41592900515747466,-0.8927363288409428,-1.0078613587015934,-1.556849130754038,2,2,0.384377,0.001,16,4
-0.5266012318245112,-0.8907652736648549,-1.0363146654068758,-1.6785359944721996,3,2,0.516386,0.001,16,4
-0.5293768586628433,-0.8791575147935003,-1.0390306605155397,-1.6815878651626193,4,2,0.553184,0.001,16,4
-1.4275352860625095,-0.6978600350001323,-0.9617815183044556,-1.654806475555717,1,3,0.154426,0.001,16,4
-1.8930439355503363,-0.8508736030183264,-1.088868306472454,-1.972135221309659,2,3,0.43408599999999997,0.001,16,4
-1.9868345184092302,-0.8716551273848175,-1.1039353032203842,-2.036070548945117,3,3,0.510416,0.001,16,4
-1.9853407407003356,-0.8621872693930236,-1.1000968738967851,-2.0350522679586733,4,3,0.524948,0.001,16,4
-0.6743563824437857,-0.7675231770284624,-0.9089000062790142,-1.308788604386303,1,0,0.60469,0.0003,16,4
-0.8198930884875091,-0.8086823057572132,-0.9512161805049167,-1.4225497990681284,2,0,0.707756,0.0003,16,4
-0.8178037290953895,-0.8086068223354395,-0.9502245425559807,-1.4209166164365536,3,0,0.710206,0.0003,16,4
-0.8178037290953895,-0.8086068223354395,-0.9502245425559807,-1.4209166164365536,4,0,0.710294,0.0003,16,4
-1.9655438748240126,-0.9193165900146478,-1.1027412763109459,-1.8728106251817944,1,1,0.564591,0.0003,16,4
-2.11524088787174,-0.9385203658083104,-1.1301489250629269,-1.9673478056881524,2,1,0.685091,0.0003,16,4
-2.116998548032658,-0.9415221583803682,-1.1303315072756925,-1.9684578093717167,3,1,0.6883699999999999,0.0003,16,4
-2.116998548032658,-0.9415221583803682,-1.1303315072756925,-1.9684578093717167,4,1,0.688523,0.0003,16,4
-0.4602787296093809,-0.8527771571081713,-1.014332148124583,-1.6056127549969443,1,2,0.558762,0.0003,16,4
-0.5500427794421823,-0.8678155657638056,-1.0401257432126716,-1.7043105586623313,2,2,0.7037899999999999,0.0003,16,4
-0.5534137756215127,-0.8779998554014636,-1.0424269594529019,-1.7080170527396825,3,2,0.711495,0.0003,16,4
-0.5538153187916899,-0.8779998554014636,-1.0425767551975824,-1.7084585594347026,4,2,0.7121430000000001,0.0003,16,4
-1.9015246371073324,-0.8514797812370831,-1.0999671721991473,-1.977916360695911,1,3,0.56687,0.0003,16,4
-2.0291449255661225,-0.8929417496930252,-1.1319593324937218,-2.06491278087831,2,3,0.69166,0.0003,16,4
-2.0377056116068935,-0.8932058091309862,-1.1338232203213374,-2.0707484442265636,3,3,0.697068,0.0003,16,4
-2.0377056116068935,-0.8932058091309862,-1.1338232203213374,-2.0707484442265636,4,3,0.697195,0.0003,16,4
-1.1781165795686288,-0.9099452007495021,-1.055745979566768,-1.702561168132915,1,0,0.904648,0.0001,16,4
-1.215648951625115,-0.9169300457579479,-1.068439955380039,-1.7318989730101664,2,0,0.929293,0.0001,16,4
-1.2154754374558716,-0.9169300457579479,-1.0682331645715284,-1.731763342764547,3,0,0.930624,0.0001,16,4
-2.5705105641853314,-1.0225267274508654,-1.2110754519151965,-2.2548613017323706,1,1,0.900227,0.0001,16,4
-2.5950453805946423,-1.020015894130815,-1.21559704222868,-2.270355614680605,2,1,0.926681,0.0001,16,4
-2.5943557182027575,-1.020015894130815,-1.2154887937180416,-2.2699200766781917,3,1,0.9271510000000001,0.0001,16,4
-0.6645872292176418,-0.953748498021993,-1.1184480989427834,-1.8302550279231968,1,2,0.899551,0.0001,16,4
-0.6710430637407414,-0.9577843463934409,-1.1202402075070943,-1.83735337842592,2,2,0.9287340000000001,0.0001,16,4
-0.6711850316400039,-0.9577843463934409,-1.1201280635922004,-1.837509475659437,3,2,0.92956,0.0001,16,4
-2.296704273990042,-1.0213280225982126,-1.2011532701776022,-2.247303102827257,1,3,0.9025719999999999,0.0001,16,4
-2.3504249770162473,-1.0248966485866577,-1.2112223988068,-2.283923525092411,2,3,0.926061,0.0001,16,4
-2.3507380569025123,-1.0248966485866577,-1.2113090728493532,-2.2841369459337604,3,3,0.9268040000000001,0.0001,16,4
-2.3507380569025123,-1.0248966485866577,-1.2113090728493532,-2.2841369459337604,4,3,0.9268129999999999,0.0001,16,4
-1.3111706310610014,-0.9137621141602402,-1.0834052582983558,-1.8065650876010528,1,0,0.964181,3e-05,16,4
-1.3122118596853016,-0.9187741064363971,-1.0846164733763468,-1.807378981329015,2,0,0.976643,3e-05,16,4
-1.3122118596853016,-0.9187741064363971,-1.0846164733763468,-1.807378981329015,3,0,0.9767889999999999,3e-05,16,4
-2.628239431535024,-1.0433170919180803,-1.2265944245553904,-2.2913184376628353,1,1,0.9593450000000001,3e-05,16,4
-2.6352741627800182,-1.0349397785189267,-1.2279771856733204,-2.2957610357079257,2,1,0.9735280000000001,3e-05,16,4
-2.6352741627800182,-1.0349397785189267,-1.2279771856733204,-2.2957610357079257,3,1,0.973558,3e-05,16,4
-0.6808886142867481,-0.9426759497060291,-1.1175135073354436,-1.8481788059392439,1,2,0.9519200000000001,3e-05,16,4
-0.6810350732851285,-0.9496183932211725,-1.1170427085890913,-1.848339841247857,2,2,0.968922,3e-05,16,4
-0.6810350732851285,-0.9496183932211725,-1.1170427085890913,-1.848339841247857,3,2,0.9689469999999999,3e-05,16,4
-2.334471048503622,-1.0342820288100474,-1.2084514328677536,-2.2730480233582764,1,3,0.9586389999999999,3e-05,16,4
-2.347774614093552,-1.0342829038834642,-1.2113070716391028,-2.2821168210859932,2,3,0.972716,3e-05,16,4
-2.347272392499793,-1.0342829038834642,-1.210980905681656,-2.2817744657965404,3,3,0.9727389999999999,3e-05,16,4
-1.3423644959152021,-0.9289680767980039,-1.0928522902772309,-1.8309482925602962,1,0,0.973878,1e-05,16,4
-1.3450550979631624,-0.9315022105324409,-1.0939166887080156,-1.83305144654605,2,0,0.984395,1e-05,16,4
-1.3450550979631624,-0.9315022105324409,-1.0939166887080156,-1.83305144654605,3,0,0.9843959999999999,1e-05,16,4
-2.629928561991858,-1.0358791185985061,-1.2259174718035555,-2.2923851632283316,1,1,0.968482,1e-05,16,4
-2.6403253313628166,-1.0323144605520418,-1.2282970906244315,-2.298950967332866,2,1,0.980866,1e-05,16,4
-2.6403253313628166,-1.0323144605520418,-1.2282970906244315,-2.298950967332866,3,1,0.98087,1e-05,16,4
-0.6944815586518498,-0.9517302794486934,-1.1204908816639565,-1.863124586089318,1,2,0.961362,1e-05,16,4
-0.6917678438158326,-0.9517302794486934,-1.1181190992757486,-1.8601407891841208,2,2,0.9761540000000001,1e-05,16,4
-0.6917797338406217,-0.9517302794486934,-1.1181374728927695,-1.8601538625618752,3,2,0.9761770000000001,1e-05,16,4
-2.3192400015115497,-1.0342320288100473,-1.2048217529179353,-2.2626652967562437,1,3,0.9675360000000001,1e-05,16,4
-2.3345597003262597,-1.0342829038834642,-1.2083867221928326,-2.2731084556869074,2,3,0.980348,1e-05,16,4
-2.3345597003262597,-1.0342829038834642,-1.2083867221928326,-2.2731084556869074,3,3,0.9803629999999999,1e-05,16,4
