accuracy,auc_macro,auc_micro,f1_binary,f1_macro,f1_micro,r2,num_features,threshold,test_fold_i,train_r2,lambda_,max_features,split_version
0.9485294117647058,0.9828125,0.9828125,0.9401709401709402,0.9475048249241798,0.9485294117647058,0.7875,1,0.382353,0,0.755441,0.001,4,0
0.9632352941176471,0.9668526785714286,0.9668526785714286,0.9565217391304348,0.9623373026862365,0.9632352941176471,0.8482142857142857,2,0.571429,0,0.8896370000000001,0.001,4,0
0.9632352941176471,0.9690848214285714,0.9690848214285714,0.9565217391304348,0.9623373026862365,0.9632352941176471,0.8482142857142857,3,0.5,0,0.954534,0.001,4,0
0.9632352941176471,0.9696428571428571,0.9696428571428571,0.9565217391304348,0.9623373026862365,0.9632352941176471,0.8482142857142857,4,0.666667,0,0.987664,0.001,4,0
0.8905109489051095,0.9559210526315789,0.9559210526315789,0.8739495798319329,0.8885876931417729,0.8905109489051094,0.5493421052631577,1,0.516129,1,0.7759010000000001,0.001,4,0
0.9562043795620438,0.9767543859649123,0.9767543859649123,0.9473684210526315,0.9549342105263159,0.9562043795620438,0.8197368421052631,2,0.5,1,0.8732629999999999,0.001,4,0
0.948905109489051,0.9623903508771929,0.9623903508771929,0.9380530973451328,0.9472874182377837,0.948905109489051,0.7896929824561403,3,0.5,1,0.9462200000000001,0.001,4,0
0.9416058394160584,0.9542763157894737,0.9542763157894737,0.9285714285714285,0.939594356261023,0.9416058394160584,0.7596491228070175,4,0.5,1,0.9754229999999999,0.001,4,0
0.8676470588235294,0.9559218559218559,0.9559218559218559,0.8235294117647058,0.8588235294117648,0.8676470588235294,0.4021978021978023,1,0.53125,2,0.803578,0.001,4,0
0.9191176470588235,0.9654456654456655,0.9654456654456655,0.8764044943820225,0.9081476023822681,0.9191176470588235,0.6346764346764348,2,0.866667,2,0.927573,0.001,4,0
0.9044117647058824,0.9517704517704518,0.9517704517704518,0.8631578947368421,0.8948557835266131,0.9044117647058824,0.5682539682539683,3,0.666667,2,0.9726040000000001,0.001,4,0
0.9191176470588235,0.9533577533577534,0.9533577533577534,0.88659793814433,0.9118703976435936,0.9191176470588235,0.6346764346764348,4,0.5,2,0.987158,0.001,4,0
0.9051094890510949,0.9698996655518394,0.9698996655518394,0.865979381443299,0.8962665268798415,0.9051094890510949,0.5745341614906831,1,0.514286,3,0.757749,0.001,4,0
0.8905109489051095,0.9593884376493073,0.9593884376493073,0.8275862068965518,0.8736861515766181,0.8905109489051094,0.509077878643096,2,0.615385,3,0.8772610000000001,0.001,4,0
0.9197080291970803,0.975394171046345,0.975394171046345,0.8674698795180723,0.9049391282407115,0.9197080291970803,0.6399904443382705,3,0.666667,3,0.9501860000000001,0.001,4,0
0.9343065693430657,0.9758719541328237,0.9758719541328237,0.891566265060241,0.9222229231060367,0.9343065693430657,0.7054467271858575,4,1.0,3,0.973391,0.001,4,0
0.9485294117647058,0.9810267857142857,0.9810267857142857,0.9401709401709402,0.9475048249241798,0.9485294117647058,0.7875,1,0.382353,0,0.754344,0.003,4,0
0.9632352941176471,0.9654017857142858,0.9654017857142858,0.9565217391304348,0.9623373026862365,0.9632352941176471,0.8482142857142857,2,0.5,0,0.8964209999999999,0.003,4,0
0.9632352941176471,0.9705357142857143,0.9705357142857143,0.9565217391304348,0.9623373026862365,0.9632352941176471,0.8482142857142857,3,0.5,0,0.9753280000000001,0.003,4,0
0.9632352941176471,0.9705357142857143,0.9705357142857143,0.9565217391304348,0.9623373026862365,0.9632352941176471,0.8482142857142857,4,0.5,0,0.994713,0.003,4,0
0.8905109489051095,0.9559210526315789,0.9559210526315789,0.8739495798319329,0.8885876931417729,0.8905109489051094,0.5493421052631577,1,0.516129,1,0.7759010000000001,0.003,4,0
0.9562043795620438,0.9767543859649123,0.9767543859649123,0.9473684210526315,0.9549342105263159,0.9562043795620438,0.8197368421052631,2,0.5,1,0.8732629999999999,0.003,4,0
0.948905109489051,0.9623903508771929,0.9623903508771929,0.9380530973451328,0.9472874182377837,0.948905109489051,0.7896929824561403,3,0.5,1,0.9462200000000001,0.003,4,0
0.9416058394160584,0.9542763157894737,0.9542763157894737,0.9285714285714285,0.939594356261023,0.9416058394160584,0.7596491228070175,4,0.5,1,0.9754229999999999,0.003,4,0
0.8676470588235294,0.9161172161172161,0.9161172161172161,0.8235294117647058,0.8588235294117648,0.8676470588235294,0.4021978021978023,1,0.53125,2,0.799447,0.003,4,0
0.9191176470588235,0.9522588522588523,0.9522588522588523,0.8842105263157894,0.9110318168302112,0.9191176470588235,0.6346764346764348,2,0.875,2,0.904025,0.003,4,0
0.9191176470588235,0.9597069597069599,0.9597069597069599,0.8791208791208792,0.9091736992289479,0.9191176470588235,0.6346764346764348,3,0.75,2,0.948119,0.003,4,0
0.9411764705882353,0.9606837606837608,0.9606837606837608,0.9148936170212767,0.9349748983982789,0.9411764705882353,0.7343101343101344,4,0.5,2,0.977741,0.003,4,0
0.9051094890510949,0.9698996655518394,0.9698996655518394,0.865979381443299,0.8962665268798415,0.9051094890510949,0.5745341614906831,1,0.514286,3,0.757749,0.003,4,0
0.8905109489051095,0.9701385570950789,0.9701385570950789,0.8275862068965518,0.8736861515766181,0.8905109489051094,0.509077878643096,2,0.615385,3,0.876832,0.003,4,0
0.9197080291970803,0.9860248447204969,0.9860248447204969,0.8674698795180723,0.9049391282407115,0.9197080291970803,0.6399904443382705,3,0.666667,3,0.9501860000000001,0.003,4,0
0.9343065693430657,0.9865026278069756,0.9865026278069756,0.891566265060241,0.9222229231060367,0.9343065693430657,0.7054467271858575,4,1.0,3,0.973391,0.003,4,0
0.9485294117647058,0.9828125,0.9828125,0.9401709401709402,0.9475048249241798,0.9485294117647058,0.7875,1,0.382353,0,0.756074,0.0001,4,0
0.9485294117647058,0.9683035714285715,0.9683035714285715,0.9380530973451328,0.9470139700562141,0.9485294117647058,0.7875,2,0.5,0,0.9119120000000001,0.0001,4,0
0.9485294117647058,0.9697544642857143,0.9697544642857143,0.9380530973451328,0.9470139700562141,0.9485294117647058,0.7875,3,0.5,0,0.9788530000000001,0.0001,4,0
0.4117647058823529,0.9703125,0.9703125,0.5833333333333334,0.2916666666666667,0.4117647058823529,-1.4285714285714288,4,0.0,0,1.0,0.0001,4,0
0.8905109489051095,0.9548245614035087,0.9548245614035087,0.8739495798319329,0.8885876931417729,0.8905109489051094,0.5493421052631577,1,0.516129,1,0.7770100000000001,0.0001,4,0
0.9562043795620438,0.9719298245614034,0.9719298245614034,0.9473684210526315,0.9549342105263159,0.9562043795620438,0.8197368421052631,2,0.666667,1,0.87097,0.0001,4,0
0.9343065693430657,0.9275219298245614,0.9275219298245614,0.9203539823008849,0.9322266805914363,0.9343065693430657,0.7296052631578946,3,0.5,1,0.95342,0.0001,4,0
0.9343065693430657,0.9275219298245614,0.9275219298245614,0.9203539823008849,0.9322266805914363,0.9343065693430657,0.7296052631578946,4,0.5,1,0.9843940000000001,0.0001,4,0
0.8676470588235294,0.9553113553113552,0.9553113553113552,0.8235294117647058,0.8588235294117648,0.8676470588235294,0.4021978021978023,1,0.53125,2,0.805443,0.0001,4,0
0.9191176470588235,0.9656898656898656,0.9656898656898656,0.88659793814433,0.9118703976435936,0.9191176470588235,0.6346764346764348,2,0.5,2,0.9321959999999999,0.0001,4,0
0.9191176470588235,0.9543345543345544,0.9543345543345544,0.88659793814433,0.9118703976435936,0.9191176470588235,0.6346764346764348,3,0.5,2,0.977215,0.0001,4,0
0.33088235294117646,0.9543345543345544,0.9543345543345544,0.4972375690607735,0.24861878453038674,0.33088235294117646,-2.0222222222222217,4,0.0,2,0.994337,0.0001,4,0
0.9051094890510949,0.9672718585762063,0.9672718585762063,0.865979381443299,0.8962665268798415,0.9051094890510949,0.5745341614906831,1,0.514286,3,0.758274,0.0001,4,0
0.8832116788321168,0.9423076923076923,0.9423076923076923,0.813953488372093,0.8644235526966848,0.8832116788321168,0.4763497372193024,2,0.615385,3,0.884748,0.0001,4,0
0.9343065693430657,0.9608217869087435,0.9608217869087435,0.8941176470588235,0.923249299719888,0.9343065693430657,0.7054467271858575,3,0.666667,3,0.9545790000000001,0.0001,4,0
0.927007299270073,0.9608217869087435,0.9608217869087435,0.8809523809523809,0.9141604010025062,0.927007299270073,0.672718585762064,4,1.0,3,0.9743450000000001,0.0001,4,0
0.9485294117647058,0.9828125,0.9828125,0.9401709401709402,0.9475048249241798,0.9485294117647058,0.7875,1,0.382353,0,0.756074,0.0003,4,0
0.9485294117647058,0.9683035714285715,0.9683035714285715,0.9380530973451328,0.9470139700562141,0.9485294117647058,0.7875,2,0.5,0,0.9119120000000001,0.0003,4,0
0.9485294117647058,0.9697544642857143,0.9697544642857143,0.9380530973451328,0.9470139700562141,0.9485294117647058,0.7875,3,0.5,0,0.9788530000000001,0.0003,4,0
0.4117647058823529,0.9703125,0.9703125,0.5833333333333334,0.2916666666666667,0.4117647058823529,-1.4285714285714288,4,0.0,0,1.0,0.0003,4,0
0.8905109489051095,0.9548245614035087,0.9548245614035087,0.8739495798319329,0.8885876931417729,0.8905109489051094,0.5493421052631577,1,0.516129,1,0.7770100000000001,0.0003,4,0
0.9635036496350365,0.9721491228070175,0.9721491228070175,0.9565217391304347,0.9625375991249658,0.9635036496350365,0.8497807017543859,2,0.666667,1,0.8709120000000001,0.0003,4,0
0.9343065693430657,0.9275219298245614,0.9275219298245614,0.9203539823008849,0.9322266805914363,0.9343065693430657,0.7296052631578946,3,0.5,1,0.95342,0.0003,4,0
0.9343065693430657,0.9275219298245614,0.9275219298245614,0.9203539823008849,0.9322266805914363,0.9343065693430657,0.7296052631578946,4,0.5,1,0.9843940000000001,0.0003,4,0
0.8676470588235294,0.9553113553113552,0.9553113553113552,0.8235294117647058,0.8588235294117648,0.8676470588235294,0.4021978021978023,1,0.53125,2,0.805443,0.0003,4,0
0.9191176470588235,0.9656898656898656,0.9656898656898656,0.88659793814433,0.9118703976435936,0.9191176470588235,0.6346764346764348,2,0.5,2,0.9321959999999999,0.0003,4,0
0.9191176470588235,0.9543345543345544,0.9543345543345544,0.88659793814433,0.9118703976435936,0.9191176470588235,0.6346764346764348,3,0.5,2,0.977215,0.0003,4,0
0.33088235294117646,0.9543345543345544,0.9543345543345544,0.4972375690607735,0.24861878453038674,0.33088235294117646,-2.0222222222222217,4,0.0,2,0.994337,0.0003,4,0
0.9051094890510949,0.9672718585762063,0.9672718585762063,0.865979381443299,0.8962665268798415,0.9051094890510949,0.5745341614906831,1,0.514286,3,0.758274,0.0003,4,0
0.8832116788321168,0.9423076923076923,0.9423076923076923,0.813953488372093,0.8644235526966848,0.8832116788321168,0.4763497372193024,2,0.615385,3,0.884748,0.0003,4,0
0.9343065693430657,0.9608217869087435,0.9608217869087435,0.8941176470588235,0.923249299719888,0.9343065693430657,0.7054467271858575,3,0.666667,3,0.9545790000000001,0.0003,4,0
0.927007299270073,0.9608217869087435,0.9608217869087435,0.8809523809523809,0.9141604010025062,0.927007299270073,0.672718585762064,4,1.0,3,0.9743450000000001,0.0003,4,0
0.8823529411764706,0.9558246828143022,0.9558246828143022,0.8490566037735848,0.876335530802455,0.8823529411764706,0.4980392156862745,1,0.514286,0,0.790247,0.001,4,1
0.9264705882352942,0.9442906574394463,0.9442906574394463,0.9038461538461539,0.9221611721611721,0.9264705882352942,0.6862745098039216,2,0.5,0,0.929618,0.001,4,1
0.9191176470588235,0.9178777393310265,0.9178777393310265,0.888888888888889,0.9126525369299936,0.9191176470588235,0.6549019607843137,3,0.5,0,0.987835,0.001,4,1
0.375,0.9178777393310265,0.9178777393310265,0.5454545454545454,0.2727272727272727,0.375,-1.6666666666666665,4,0.0,0,1.0,0.001,4,1
0.927007299270073,0.9688470066518847,0.9688470066518847,0.9122807017543859,0.9248903508771931,0.927007299270073,0.6962305986696231,1,0.457143,1,0.7623409999999999,0.001,4,1
0.9343065693430657,0.9501108647450112,0.9501108647450112,0.923076923076923,0.932876041156296,0.9343065693430657,0.7266075388026607,2,0.5,1,0.897064,0.001,4,1
0.9343065693430657,0.9321507760532151,0.9321507760532151,0.920353982300885,0.9322266805914363,0.9343065693430657,0.7266075388026607,3,0.5,1,0.970648,0.001,4,1
0.9343065693430657,0.9341463414634146,0.9341463414634146,0.920353982300885,0.9322266805914363,0.9343065693430657,0.7266075388026607,4,0.5,1,0.994721,0.001,4,1
0.9411764705882353,0.985451238917936,0.985451238917936,0.9285714285714285,0.9392857142857143,0.9411764705882353,0.7526710616049103,1,0.457143,2,0.744526,0.001,4,1
0.9558823529411765,0.986019549897704,0.986019549897704,0.9411764705882353,0.9529411764705882,0.9558823529411765,0.8145032962036827,2,0.75,2,0.895876,0.001,4,1
0.9485294117647058,0.9605592180040919,0.9605592180040919,0.9320388349514563,0.9453093583041305,0.9485294117647058,0.7835871789042965,3,0.5,2,0.971607,0.001,4,1
0.9485294117647058,0.9605592180040919,0.9605592180040919,0.9320388349514563,0.9453093583041305,0.9485294117647058,0.7835871789042965,4,0.5,2,0.9943209999999999,0.001,4,1
0.9124087591240876,0.9590579710144927,0.9590579710144927,0.8749999999999999,0.9037921348314606,0.9124087591240876,0.6028985507246377,1,0.5,3,0.77541,0.001,4,1
0.9416058394160584,0.9721014492753624,0.9721014492753624,0.9148936170212767,0.9352245862884162,0.9416058394160584,0.7352657004830918,2,0.5,3,0.9231729999999999,0.001,4,1
0.9562043795620438,0.9647342995169083,0.9647342995169083,0.9333333333333333,0.9503623188405796,0.9562043795620438,0.8014492753623188,3,0.5,3,0.9763350000000001,0.001,4,1
0.9416058394160584,0.9653381642512078,0.9653381642512078,0.9069767441860465,0.9322117763483424,0.9416058394160584,0.7352657004830918,4,1.0,3,0.9948549999999999,0.001,4,1
0.8823529411764706,0.9572087658592849,0.9572087658592849,0.8490566037735848,0.876335530802455,0.8823529411764706,0.4980392156862745,1,0.514286,0,0.786088,0.003,4,1
0.9338235294117647,0.9433679354094578,0.9433679354094578,0.9126213592233009,0.9296834606767392,0.9338235294117647,0.7176470588235294,2,0.5,0,0.922493,0.003,4,1
0.9191176470588235,0.9371395617070357,0.9371395617070357,0.888888888888889,0.9126525369299936,0.9191176470588235,0.6549019607843137,3,0.666667,0,0.979146,0.003,4,1
0.375,0.9275663206459054,0.9275663206459054,0.5454545454545454,0.2727272727272727,0.375,-1.6666666666666665,4,0.0,0,1.0,0.003,4,1
0.927007299270073,0.9698447893569846,0.9698447893569846,0.9122807017543859,0.9248903508771931,0.927007299270073,0.6962305986696231,1,0.457143,1,0.759479,0.003,4,1
0.9416058394160584,0.962749445676275,0.962749445676275,0.9322033898305084,0.9404606692742286,0.9416058394160584,0.7569844789356984,2,0.5,1,0.885007,0.003,4,1
0.9197080291970803,0.944789356984479,0.944789356984479,0.9075630252100839,0.9182976416373001,0.9197080291970803,0.6658536585365854,3,0.5,1,0.965248,0.003,4,1
0.9197080291970803,0.9460088691796009,0.9460088691796009,0.9075630252100839,0.9182976416373001,0.9197080291970803,0.6658536585365854,4,0.5,1,0.987683,0.003,4,1
0.9411764705882353,0.9839736303705389,0.9839736303705389,0.9285714285714285,0.9392857142857143,0.9411764705882353,0.7526710616049103,1,0.457143,2,0.743324,0.003,4,1
0.9558823529411765,0.9838599681745852,0.9838599681745852,0.9411764705882353,0.9529411764705882,0.9558823529411765,0.8145032962036827,2,0.75,2,0.892848,0.003,4,1
0.9411764705882353,0.9506706069561264,0.9506706069561264,0.9215686274509803,0.9372549019607843,0.9411764705882353,0.7526710616049103,3,0.5,2,0.971607,0.003,4,1
0.9411764705882353,0.9506706069561264,0.9506706069561264,0.9215686274509803,0.9372549019607843,0.9411764705882353,0.7526710616049103,4,0.5,2,0.9943209999999999,0.003,4,1
0.9124087591240876,0.960024154589372,0.960024154589372,0.8749999999999999,0.9037921348314606,0.9124087591240876,0.6028985507246377,1,0.5,3,0.774038,0.003,4,1
0.948905109489051,0.9704106280193238,0.9704106280193238,0.9263157894736842,0.9436048221111437,0.948905109489051,0.7683574879227053,2,0.5,3,0.9123690000000001,0.003,4,1
0.9635036496350365,0.9758454106280194,0.9758454106280194,0.946236559139785,0.9593061248737599,0.9635036496350365,0.8345410628019324,3,0.5,3,0.981994,0.003,4,1
0.9562043795620438,0.9716183574879228,0.9716183574879228,0.9333333333333333,0.9503623188405796,0.9562043795620438,0.8014492753623188,4,1.0,3,1.0,0.003,4,1
0.8823529411764706,0.9558246828143022,0.9558246828143022,0.8490566037735848,0.876335530802455,0.8823529411764706,0.4980392156862745,1,0.514286,0,0.790359,0.0001,4,1
0.9264705882352942,0.9439446366782006,0.9439446366782006,0.9038461538461539,0.9221611721611721,0.9264705882352942,0.6862745098039216,2,0.5,0,0.9374379999999999,0.0001,4,1
0.9264705882352942,0.9279123414071511,0.9279123414071511,0.9,0.9209302325581394,0.9264705882352942,0.6862745098039216,3,0.5,0,0.987835,0.0001,4,1
0.375,0.9279123414071511,0.9279123414071511,0.5454545454545454,0.2727272727272727,0.375,-1.6666666666666665,4,0.0,0,1.0,0.0001,4,1
0.927007299270073,0.9688470066518847,0.9688470066518847,0.9122807017543859,0.9248903508771931,0.927007299270073,0.6962305986696231,1,0.457143,1,0.7623409999999999,0.0001,4,1
0.9343065693430657,0.9592017738359202,0.9592017738359202,0.923076923076923,0.932876041156296,0.9343065693430657,0.7266075388026607,2,0.5,1,0.897357,0.0001,4,1
0.9343065693430657,0.9405764966740576,0.9405764966740576,0.920353982300885,0.9322266805914363,0.9343065693430657,0.7266075388026607,3,0.5,1,0.970648,0.0001,4,1
0.9343065693430657,0.9419068736141908,0.9419068736141908,0.920353982300885,0.9322266805914363,0.9343065693430657,0.7266075388026607,4,0.5,1,0.994721,0.0001,4,1
0.9411764705882353,0.9840872925664924,0.9840872925664924,0.9285714285714285,0.9392857142857143,0.9411764705882353,0.7526710616049103,1,0.457143,2,0.744708,0.0001,4,1
0.9558823529411765,0.986019549897704,0.986019549897704,0.9433962264150944,0.9536258240509207,0.9558823529411765,0.8145032962036827,2,0.666667,2,0.900225,0.0001,4,1
0.9558823529411765,0.9736303705387588,0.9736303705387588,0.9433962264150944,0.9536258240509207,0.9558823529411765,0.8145032962036827,3,0.5,2,0.968917,0.0001,4,1
0.3897058823529412,0.9648783814503297,0.9648783814503297,0.5608465608465609,0.28042328042328046,0.3897058823529412,-1.566037735849056,4,0.0,2,0.989884,0.0001,4,1
0.9124087591240876,0.9589371980676329,0.9589371980676329,0.8749999999999999,0.9037921348314606,0.9124087591240876,0.6028985507246377,1,0.5,3,0.775953,0.0001,4,1
0.948905109489051,0.9735507246376812,0.9735507246376812,0.9263157894736842,0.9436048221111437,0.948905109489051,0.7683574879227053,2,0.5,3,0.922359,0.0001,4,1
0.948905109489051,0.9592995169082126,0.9592995169082126,0.9263157894736842,0.9436048221111437,0.948905109489051,0.7683574879227053,3,0.5,3,0.976778,0.0001,4,1
0.9343065693430657,0.9592995169082126,0.9592995169082126,0.9010989010989011,0.9259592866150244,0.9343065693430657,0.7021739130434783,4,1.0,3,0.994784,0.0001,4,1
0.8823529411764706,0.9558246828143022,0.9558246828143022,0.8490566037735848,0.876335530802455,0.8823529411764706,0.4980392156862745,1,0.514286,0,0.790247,0.0003,4,1
0.9264705882352942,0.9442906574394463,0.9442906574394463,0.9038461538461539,0.9221611721611721,0.9264705882352942,0.6862745098039216,2,0.5,0,0.929618,0.0003,4,1
0.9191176470588235,0.9178777393310265,0.9178777393310265,0.888888888888889,0.9126525369299936,0.9191176470588235,0.6549019607843137,3,0.5,0,0.987835,0.0003,4,1
0.375,0.9178777393310265,0.9178777393310265,0.5454545454545454,0.2727272727272727,0.375,-1.6666666666666665,4,0.0,0,1.0,0.0003,4,1
0.927007299270073,0.9688470066518847,0.9688470066518847,0.9122807017543859,0.9248903508771931,0.927007299270073,0.6962305986696231,1,0.457143,1,0.7623409999999999,0.0003,4,1
0.9416058394160584,0.9598669623059868,0.9598669623059868,0.9322033898305084,0.9404606692742286,0.9416058394160584,0.7569844789356984,2,0.5,1,0.8972889999999999,0.0003,4,1
0.9416058394160584,0.9412416851441241,0.9412416851441241,0.9298245614035089,0.9399122807017545,0.9416058394160584,0.7569844789356984,3,0.5,1,0.970648,0.0003,4,1
0.9416058394160584,0.9425720620842573,0.9425720620842573,0.9298245614035089,0.9399122807017545,0.9416058394160584,0.7569844789356984,4,0.5,1,0.994721,0.0003,4,1
0.9411764705882353,0.985451238917936,0.985451238917936,0.9285714285714285,0.9392857142857143,0.9411764705882353,0.7526710616049103,1,0.457143,2,0.744526,0.0003,4,1
0.9558823529411765,0.986019549897704,0.986019549897704,0.9411764705882353,0.9529411764705882,0.9558823529411765,0.8145032962036827,2,0.75,2,0.896051,0.0003,4,1
0.9485294117647058,0.9605592180040919,0.9605592180040919,0.9320388349514563,0.9453093583041305,0.9485294117647058,0.7835871789042965,3,0.5,2,0.971607,0.0003,4,1
0.9485294117647058,0.9605592180040919,0.9605592180040919,0.9320388349514563,0.9453093583041305,0.9485294117647058,0.7835871789042965,4,0.5,2,0.9943209999999999,0.0003,4,1
0.9124087591240876,0.9590579710144927,0.9590579710144927,0.8749999999999999,0.9037921348314606,0.9124087591240876,0.6028985507246377,1,0.5,3,0.77541,0.0003,4,1
0.9416058394160584,0.972584541062802,0.972584541062802,0.9148936170212767,0.9352245862884162,0.9416058394160584,0.7352657004830918,2,0.5,3,0.9232870000000001,0.0003,4,1
0.948905109489051,0.9657004830917875,0.9657004830917875,0.924731182795699,0.9430285748232639,0.948905109489051,0.7683574879227053,3,0.5,3,0.976849,0.0003,4,1
0.948905109489051,0.9657004830917875,0.9657004830917875,0.9230769230769231,0.9424127784783523,0.948905109489051,0.7683574879227053,4,1.0,3,0.9948549999999999,0.0003,4,1
0.8897058823529411,0.9566365837552279,0.9566365837552279,0.8818897637795277,0.8892207439587293,0.8897058823529411,0.550957517059212,1,0.482759,0,0.7839010000000001,0.001,4,2
0.9485294117647058,0.9709443099273609,0.9709443099273609,0.9411764705882353,0.9477124183006536,0.9485294117647058,0.790446841294299,2,0.5,0,0.9130379999999999,0.001,4,2
0.9338235294117647,0.9629099713845477,0.9629099713845477,0.923076923076923,0.9325062034739453,0.9338235294117647,0.7305745102355272,3,0.5,0,0.982216,0.001,4,2
0.4338235294117647,0.964340744001761,0.964340744001761,0.6051282051282051,0.30256410256410254,0.4338235294117647,-1.305084745762711,4,0.0,0,1.0,0.001,4,2
0.927007299270073,0.9711583924349882,0.9711583924349882,0.9,0.9212643678160919,0.927007299270073,0.6761229314420804,1,0.428571,1,0.77005,0.001,4,2
0.9416058394160584,0.9328605200945627,0.9328605200945627,0.9166666666666666,0.9358614232209738,0.9416058394160584,0.7408983451536644,2,0.6,1,0.903799,0.001,4,2
0.9343065693430657,0.9354609929078013,0.9354609929078013,0.9072164948453608,0.9281845186091211,0.9343065693430657,0.7085106382978723,3,0.5,1,0.961578,0.001,4,2
0.9343065693430657,0.9378250591016549,0.9378250591016549,0.9072164948453608,0.9281845186091211,0.9343065693430657,0.7085106382978723,4,0.5,1,0.9913850000000001,0.001,4,2
0.9191176470588235,0.9588542850647875,0.9588542850647875,0.897196261682243,0.9152647975077881,0.9191176470588235,0.6599227097067516,1,0.486486,2,0.7662329999999999,0.001,4,2
0.9485294117647058,0.9590816094566947,0.9590816094566947,0.9306930693069307,0.9448786983961555,0.9485294117647058,0.7835871789042965,2,0.666667,2,0.881698,0.001,4,2
0.9632352941176471,0.9555580813821323,0.9555580813821323,0.9514563106796116,0.9609352559315217,0.9632352941176471,0.8454194135030689,3,0.5,2,0.9480190000000001,0.001,4,2
0.9558823529411765,0.946237781313935,0.946237781313935,0.9411764705882353,0.9529411764705882,0.9558823529411765,0.8145032962036827,4,0.5,2,0.975975,0.001,4,2
0.9124087591240876,0.9791062801932368,0.9791062801932368,0.8775510204081634,0.9046846011131726,0.9124087591240876,0.6028985507246377,1,0.540541,3,0.760151,0.001,4,2
0.9416058394160584,0.9787439613526571,0.9787439613526571,0.9166666666666665,0.9358614232209737,0.9416058394160584,0.7352657004830918,2,0.5,3,0.923485,0.001,4,2
0.9562043795620438,0.9807971014492753,0.9807971014492753,0.9361702127659575,0.951418439716312,0.9562043795620438,0.8014492753623188,3,0.5,3,0.977706,0.001,4,2
0.9562043795620438,0.9816425120772947,0.9816425120772947,0.9333333333333333,0.9503623188405796,0.9562043795620438,0.8014492753623188,4,1.0,3,0.989711,0.001,4,2
0.8897058823529411,0.9588377723970944,0.9588377723970944,0.8818897637795277,0.8892207439587293,0.8897058823529411,0.550957517059212,1,0.482759,0,0.78125,0.003,4,2
0.9558823529411765,0.9751265683469075,0.9751265683469075,0.9482758620689654,0.9549071618037135,0.9558823529411765,0.8203830068236848,2,0.75,0,0.8995120000000001,0.003,4,2
0.9485294117647058,0.9663218137794408,0.9663218137794408,0.9411764705882353,0.9477124183006536,0.9485294117647058,0.790446841294299,3,0.5,0,0.971191,0.003,4,2
0.4338235294117647,0.9666519920757208,0.9666519920757208,0.6051282051282051,0.30256410256410254,0.4338235294117647,-1.305084745762711,4,0.0,0,1.0,0.003,4,2
0.927007299270073,0.9711583924349882,0.9711583924349882,0.9,0.9212643678160919,0.927007299270073,0.6761229314420804,1,0.428571,1,0.77005,0.003,4,2
0.9416058394160584,0.9328605200945627,0.9328605200945627,0.9166666666666666,0.9358614232209738,0.9416058394160584,0.7408983451536644,2,0.6,1,0.903799,0.003,4,2
0.9343065693430657,0.9354609929078013,0.9354609929078013,0.9072164948453608,0.9281845186091211,0.9343065693430657,0.7085106382978723,3,0.5,1,0.961578,0.003,4,2
0.9343065693430657,0.9378250591016549,0.9378250591016549,0.9072164948453608,0.9281845186091211,0.9343065693430657,0.7085106382978723,4,0.5,1,0.9913850000000001,0.003,4,2
0.9191176470588235,0.959308933848602,0.959308933848602,0.897196261682243,0.9152647975077881,0.9191176470588235,0.6599227097067516,1,0.486486,2,0.762968,0.003,4,2
0.9411764705882353,0.9595362582405091,0.9595362582405091,0.9183673469387755,0.9361951677222613,0.9411764705882353,0.7526710616049103,2,0.666667,2,0.8879379999999999,0.003,4,2
0.9485294117647058,0.9455558081382133,0.9455558081382133,0.9320388349514563,0.9453093583041305,0.9485294117647058,0.7835871789042965,3,0.5,2,0.9536100000000001,0.003,4,2
0.9485294117647058,0.9371448056376449,0.9371448056376449,0.9306930693069307,0.9448786983961555,0.9485294117647058,0.7835871789042965,4,0.5,2,0.9850610000000001,0.003,4,2
0.9124087591240876,0.981280193236715,0.981280193236715,0.8775510204081634,0.9046846011131726,0.9124087591240876,0.6028985507246377,1,0.540541,3,0.758266,0.003,4,2
0.9562043795620438,0.9772946859903382,0.9772946859903382,0.9361702127659575,0.951418439716312,0.9562043795620438,0.8014492753623188,2,0.714286,3,0.912075,0.003,4,2
0.9562043795620438,0.9828502415458937,0.9828502415458937,0.9361702127659575,0.951418439716312,0.9562043795620438,0.8014492753623188,3,0.75,3,0.9708469999999999,0.003,4,2
0.9635036496350365,0.9828502415458937,0.9828502415458937,0.9473684210526316,0.9597177300793884,0.9635036496350365,0.8345410628019324,4,0.5,3,0.986281,0.003,4,2
0.8897058823529411,0.9566365837552279,0.9566365837552279,0.8818897637795277,0.8892207439587293,0.8897058823529411,0.550957517059212,1,0.482759,0,0.784238,0.0001,4,2
0.9485294117647058,0.9711644287915475,0.9711644287915475,0.9411764705882353,0.9477124183006536,0.9485294117647058,0.790446841294299,2,0.5,0,0.9162389999999999,0.0001,4,2
0.9411764705882353,0.964340744001761,0.964340744001761,0.9322033898305084,0.9401276689412282,0.9411764705882353,0.7605106757649132,3,0.5,0,0.982216,0.0001,4,2
0.4338235294117647,0.964340744001761,0.964340744001761,0.6051282051282051,0.30256410256410254,0.4338235294117647,-1.305084745762711,4,0.0,0,1.0,0.0001,4,2
0.927007299270073,0.9697399527186762,0.9697399527186762,0.9,0.9212643678160919,0.927007299270073,0.6761229314420804,1,0.428571,1,0.770566,0.0001,4,2
0.9197080291970803,0.9300236406619385,0.9300236406619385,0.8817204301075269,0.9104734747222717,0.9197080291970803,0.6437352245862884,2,0.6,1,0.9068579999999999,0.0001,4,2
0.9124087591240876,0.9347517730496453,0.9347517730496453,0.8723404255319149,0.9028368794326241,0.9124087591240876,0.6113475177304964,3,0.5,1,0.9641629999999999,0.0001,4,2
0.9124087591240876,0.9365248226950356,0.9365248226950356,0.8723404255319149,0.9028368794326241,0.9124087591240876,0.6113475177304964,4,0.5,1,0.9913850000000001,0.0001,4,2
0.9191176470588235,0.9588542850647875,0.9588542850647875,0.897196261682243,0.9152647975077881,0.9191176470588235,0.6599227097067516,1,0.486486,2,0.766995,0.0001,4,2
0.9485294117647058,0.9590816094566946,0.9590816094566946,0.9306930693069307,0.9448786983961555,0.9485294117647058,0.7835871789042965,2,0.666667,2,0.8840450000000001,0.0001,4,2
0.9632352941176471,0.9528301886792453,0.9528301886792453,0.9504950495049505,0.9606276417115396,0.9632352941176471,0.8454194135030689,3,0.5,2,0.953182,0.0001,4,2
0.9632352941176471,0.9528301886792453,0.9528301886792453,0.9504950495049505,0.9606276417115396,0.9632352941176471,0.8454194135030689,4,0.5,2,0.965412,0.0001,4,2
0.9124087591240876,0.9791062801932368,0.9791062801932368,0.8775510204081634,0.9046846011131726,0.9124087591240876,0.6028985507246377,1,0.540541,3,0.760718,0.0001,4,2
0.948905109489051,0.9670289855072465,0.9670289855072465,0.924731182795699,0.9430285748232639,0.948905109489051,0.7683574879227053,2,0.5,3,0.914333,0.0001,4,2
0.948905109489051,0.9699275362318841,0.9699275362318841,0.924731182795699,0.9430285748232639,0.948905109489051,0.7683574879227053,3,0.5,3,0.959348,0.0001,4,2
0.948905109489051,0.9711352657004831,0.9711352657004831,0.924731182795699,0.9430285748232639,0.948905109489051,0.7683574879227053,4,0.5,3,0.973925,0.0001,4,2
0.8897058823529411,0.9566365837552279,0.9566365837552279,0.8818897637795277,0.8892207439587293,0.8897058823529411,0.550957517059212,1,0.482759,0,0.784238,0.0003,4,2
0.9485294117647058,0.9711644287915475,0.9711644287915475,0.9411764705882353,0.9477124183006536,0.9485294117647058,0.790446841294299,2,0.5,0,0.9162389999999999,0.0003,4,2
0.9411764705882353,0.964340744001761,0.964340744001761,0.9322033898305084,0.9401276689412282,0.9411764705882353,0.7605106757649132,3,0.5,0,0.982216,0.0003,4,2
0.4338235294117647,0.964340744001761,0.964340744001761,0.6051282051282051,0.30256410256410254,0.4338235294117647,-1.305084745762711,4,0.0,0,1.0,0.0003,4,2
0.927007299270073,0.9697399527186762,0.9697399527186762,0.9,0.9212643678160919,0.927007299270073,0.6761229314420804,1,0.428571,1,0.770566,0.0003,4,2
0.9197080291970803,0.9300236406619385,0.9300236406619385,0.8817204301075269,0.9104734747222717,0.9197080291970803,0.6437352245862884,2,0.6,1,0.9068579999999999,0.0003,4,2
0.9124087591240876,0.9347517730496453,0.9347517730496453,0.8723404255319149,0.9028368794326241,0.9124087591240876,0.6113475177304964,3,0.5,1,0.9641629999999999,0.0003,4,2
0.9124087591240876,0.9365248226950356,0.9365248226950356,0.8723404255319149,0.9028368794326241,0.9124087591240876,0.6113475177304964,4,0.5,1,0.9913850000000001,0.0003,4,2
0.9191176470588235,0.9588542850647875,0.9588542850647875,0.897196261682243,0.9152647975077881,0.9191176470588235,0.6599227097067516,1,0.486486,2,0.766995,0.0003,4,2
0.9485294117647058,0.9590816094566946,0.9590816094566946,0.9306930693069307,0.9448786983961555,0.9485294117647058,0.7835871789042965,2,0.666667,2,0.8840450000000001,0.0003,4,2
0.9632352941176471,0.9528301886792453,0.9528301886792453,0.9504950495049505,0.9606276417115396,0.9632352941176471,0.8454194135030689,3,0.5,2,0.953182,0.0003,4,2
0.9632352941176471,0.9528301886792453,0.9528301886792453,0.9504950495049505,0.9606276417115396,0.9632352941176471,0.8454194135030689,4,0.5,2,0.965412,0.0003,4,2
0.9124087591240876,0.9791062801932368,0.9791062801932368,0.8775510204081634,0.9046846011131726,0.9124087591240876,0.6028985507246377,1,0.540541,3,0.760718,0.0003,4,2
0.948905109489051,0.9670289855072465,0.9670289855072465,0.924731182795699,0.9430285748232639,0.948905109489051,0.7683574879227053,2,0.5,3,0.914333,0.0003,4,2
0.948905109489051,0.9699275362318841,0.9699275362318841,0.924731182795699,0.9430285748232639,0.948905109489051,0.7683574879227053,3,0.5,3,0.959348,0.0003,4,2
0.948905109489051,0.9711352657004831,0.9711352657004831,0.924731182795699,0.9430285748232639,0.948905109489051,0.7683574879227053,4,0.5,3,0.973925,0.0003,4,2
0.9191176470588235,0.9752953813104189,0.9752953813104189,0.8674698795180723,0.904634410658507,0.9191176470588235,0.59828141783029,1,0.470588,0,0.767636,0.001,4,3
0.9485294117647058,0.9669709989258862,0.9669709989258862,0.9090909090909091,0.9365967365967365,0.9485294117647058,0.7443609022556391,2,0.5,0,0.9016069999999999,0.001,4,3
0.9338235294117647,0.9221267454350162,0.9221267454350162,0.88,0.9171573604060914,0.9338235294117647,0.6713211600429645,3,0.5,0,0.960691,0.001,4,3
0.9264705882352942,0.9108485499462944,0.9108485499462944,0.8648648648648649,0.9071799071799072,0.9264705882352942,0.6348012889366272,4,0.5,0,0.981442,0.001,4,3
0.8905109489051095,0.9613122171945702,0.9613122171945702,0.8672566371681416,0.8870444676523939,0.8905109489051094,0.5350678733031675,1,0.517241,1,0.78417,0.001,4,3
0.9416058394160584,0.9487556561085972,0.9487556561085972,0.9230769230769231,0.9380090497737557,0.9416058394160584,0.7520361990950226,2,0.75,1,0.915472,0.001,4,3
0.9343065693430657,0.9282805429864254,0.9282805429864254,0.9108910891089108,0.9294339838608138,0.9343065693430657,0.7210407239819006,3,0.5,1,0.9895299999999999,0.001,4,3
0.9197080291970803,0.9287330316742082,0.9287330316742082,0.88659793814433,0.9122255227444813,0.9197080291970803,0.6590497737556562,4,1.0,1,1.0,0.001,4,3
0.9044117647058824,0.9517939687431214,0.9517939687431214,0.8925619834710744,0.9032346341196431,0.9044117647058824,0.6108298481179837,1,0.428571,2,0.79468,0.001,4,3
0.8823529411764706,0.9437596302003082,0.9437596302003082,0.8596491228070176,0.8791916500111037,0.8823529411764706,0.5210213515298261,2,0.5,2,0.902266,0.001,4,3
0.8897058823529411,0.9228483381025754,0.9228483381025754,0.8717948717948718,0.8875103391232424,0.8897058823529411,0.550957517059212,3,0.333333,2,0.975103,0.001,4,3
0.4338235294117647,0.9173453664979089,0.9173453664979089,0.6051282051282051,0.30256410256410254,0.4338235294117647,-1.305084745762712,4,0.0,2,0.9946649999999999,0.001,4,3
0.9051094890510949,0.980709534368071,0.980709534368071,0.8907563025210083,0.9034426673895364,0.9051094890510949,0.60509977827051,1,0.53125,3,0.759156,0.001,4,3
0.9416058394160584,0.9684035476718402,0.9684035476718402,0.9272727272727272,0.9392461197339246,0.9416058394160584,0.7569844789356984,2,0.6,3,0.891592,0.001,4,3
0.9343065693430657,0.9543237250554323,0.9543237250554323,0.9158878504672897,0.9309978174492137,0.9343065693430657,0.7266075388026607,3,0.5,3,0.947966,0.001,4,3
0.9416058394160584,0.9548780487804878,0.9548780487804878,0.923076923076923,0.9380090497737557,0.9416058394160584,0.7569844789356984,4,1.0,3,0.9734799999999999,0.001,4,3
0.9191176470588235,0.9770408163265306,0.9770408163265306,0.8674698795180723,0.904634410658507,0.9191176470588235,0.59828141783029,1,0.470588,0,0.764777,0.003,4,3
0.9632352941176471,0.9712674543501613,0.9712674543501613,0.9367088607594938,0.9554010625040992,0.9632352941176471,0.8174006444683136,2,0.5,0,0.8908940000000001,0.003,4,3
0.9485294117647058,0.9426691729323309,0.9426691729323309,0.9090909090909091,0.9365967365967365,0.9485294117647058,0.7443609022556391,3,0.5,0,0.967025,0.003,4,3
0.9411764705882353,0.9295112781954888,0.9295112781954888,0.8918918918918918,0.9257439257439256,0.9411764705882353,0.7078410311493019,4,1.0,0,0.9771479999999999,0.003,4,3
0.8905109489051095,0.9389140271493213,0.9389140271493213,0.8672566371681416,0.8870444676523939,0.8905109489051094,0.5350678733031675,1,0.517241,1,0.782518,0.003,4,3
0.9416058394160584,0.9487556561085972,0.9487556561085972,0.9230769230769231,0.9380090497737557,0.9416058394160584,0.7520361990950226,2,0.75,1,0.9148729999999999,0.003,4,3
0.9343065693430657,0.9282805429864254,0.9282805429864254,0.9108910891089108,0.9294339838608138,0.9343065693430657,0.7210407239819006,3,0.5,1,0.9895299999999999,0.003,4,3
0.9197080291970803,0.9287330316742082,0.9287330316742082,0.88659793814433,0.9122255227444813,0.9197080291970803,0.6590497737556562,4,1.0,1,1.0,0.003,4,3
0.9044117647058824,0.9336341624477218,0.9336341624477218,0.8925619834710744,0.9032346341196431,0.9044117647058824,0.6108298481179837,1,0.428571,2,0.7910020000000001,0.003,4,3
0.8897058823529411,0.9446401056570548,0.9446401056570548,0.8672566371681415,0.886458507263316,0.8897058823529411,0.550957517059212,2,0.666667,2,0.889144,0.003,4,3
0.8823529411764706,0.9271406559542152,0.9271406559542152,0.8571428571428572,0.8785714285714286,0.8823529411764706,0.5210213515298261,3,0.5,2,0.982216,0.003,4,3
0.4338235294117647,0.9278010125467753,0.9278010125467753,0.6051282051282051,0.30256410256410254,0.4338235294117647,-1.305084745762712,4,0.0,2,1.0,0.003,4,3
0.9051094890510949,0.9772727272727273,0.9772727272727273,0.8907563025210083,0.9034426673895364,0.9051094890510949,0.60509977827051,1,0.53125,3,0.7570979999999999,0.003,4,3
0.948905109489051,0.9446784922394678,0.9446784922394678,0.9357798165137615,0.9466777870447596,0.948905109489051,0.7873614190687361,2,0.666667,3,0.895991,0.003,4,3
0.927007299270073,0.9443458980044345,0.9443458980044345,0.9074074074074073,0.9235832217759927,0.927007299270073,0.6962305986696231,3,0.75,3,0.947966,0.003,4,3
0.9051094890510949,0.9452328159645232,0.9452328159645232,0.8761904761904761,0.8996336996336995,0.9051094890510949,0.60509977827051,4,1.0,3,0.9854459999999999,0.003,4,3
0.9191176470588235,0.9752953813104189,0.9752953813104189,0.8674698795180723,0.904634410658507,0.9191176470588235,0.59828141783029,1,0.470588,0,0.767636,0.0001,4,3
0.9485294117647058,0.9669709989258862,0.9669709989258862,0.9090909090909091,0.9365967365967365,0.9485294117647058,0.7443609022556391,2,0.5,0,0.9016069999999999,0.0001,4,3
0.9338235294117647,0.9221267454350162,0.9221267454350162,0.88,0.9171573604060914,0.9338235294117647,0.6713211600429645,3,0.5,0,0.960691,0.0001,4,3
0.9264705882352942,0.9108485499462944,0.9108485499462944,0.8648648648648649,0.9071799071799072,0.9264705882352942,0.6348012889366272,4,0.5,0,0.981442,0.0001,4,3
0.8905109489051095,0.9643665158371041,0.9643665158371041,0.8672566371681416,0.8870444676523939,0.8905109489051094,0.5350678733031675,1,0.517241,1,0.785033,0.0001,4,3
0.948905109489051,0.9536199095022624,0.9536199095022624,0.9333333333333333,0.945956607495069,0.948905109489051,0.7830316742081448,2,0.666667,1,0.915143,0.0001,4,3
0.9343065693430657,0.9286199095022625,0.9286199095022625,0.9108910891089108,0.9294339838608138,0.9343065693430657,0.7210407239819006,3,0.5,1,0.9895299999999999,0.0001,4,3
0.9197080291970803,0.9290723981900453,0.9290723981900453,0.88659793814433,0.9122255227444813,0.9197080291970803,0.6590497737556562,4,1.0,1,1.0,0.0001,4,3
0.9044117647058824,0.9504732555580013,0.9504732555580013,0.8925619834710744,0.9032346341196431,0.9044117647058824,0.6108298481179837,1,0.428571,2,0.795201,0.0001,4,3
0.8970588235294118,0.9271406559542152,0.9271406559542152,0.8771929824561402,0.8942926937597158,0.8970588235294118,0.5808936825885979,2,0.5,2,0.902684,0.0001,4,3
0.8897058823529411,0.9006163328197226,0.9006163328197226,0.8672566371681415,0.886458507263316,0.8897058823529411,0.550957517059212,3,0.5,2,0.9742139999999999,0.0001,4,3
0.4338235294117647,0.9011666299801893,0.9011666299801893,0.6051282051282051,0.30256410256410254,0.4338235294117647,-1.305084745762712,4,0.0,2,1.0,0.0001,4,3
0.9051094890510949,0.9769401330376941,0.9769401330376941,0.8907563025210083,0.9034426673895364,0.9051094890510949,0.60509977827051,1,0.53125,3,0.759695,0.0001,4,3
0.9416058394160584,0.9684035476718402,0.9684035476718402,0.9272727272727272,0.9392461197339246,0.9416058394160584,0.7569844789356984,2,0.6,3,0.900172,0.0001,4,3
0.9416058394160584,0.9647450110864746,0.9647450110864746,0.9285714285714285,0.939594356261023,0.9416058394160584,0.7569844789356984,3,0.5,3,0.9531649999999999,0.0001,4,3
0.8978102189781022,0.9409090909090909,0.9409090909090909,0.8627450980392157,0.8906748746010031,0.8978102189781021,0.5747228381374723,4,1.0,3,0.9932840000000001,0.0001,4,3
0.9191176470588235,0.9752953813104189,0.9752953813104189,0.8674698795180723,0.904634410658507,0.9191176470588235,0.59828141783029,1,0.470588,0,0.767636,0.0003,4,3
0.9485294117647058,0.9669709989258862,0.9669709989258862,0.9090909090909091,0.9365967365967365,0.9485294117647058,0.7443609022556391,2,0.5,0,0.9016069999999999,0.0003,4,3
0.9338235294117647,0.9221267454350162,0.9221267454350162,0.88,0.9171573604060914,0.9338235294117647,0.6713211600429645,3,0.5,0,0.960691,0.0003,4,3
0.9264705882352942,0.9108485499462944,0.9108485499462944,0.8648648648648649,0.9071799071799072,0.9264705882352942,0.6348012889366272,4,0.5,0,0.981442,0.0003,4,3
0.8905109489051095,0.9643665158371041,0.9643665158371041,0.8672566371681416,0.8870444676523939,0.8905109489051094,0.5350678733031675,1,0.517241,1,0.785033,0.0003,4,3
0.948905109489051,0.9536199095022624,0.9536199095022624,0.9333333333333333,0.945956607495069,0.948905109489051,0.7830316742081448,2,0.666667,1,0.915143,0.0003,4,3
0.9343065693430657,0.9286199095022625,0.9286199095022625,0.9108910891089108,0.9294339838608138,0.9343065693430657,0.7210407239819006,3,0.5,1,0.9895299999999999,0.0003,4,3
0.9197080291970803,0.9290723981900453,0.9290723981900453,0.88659793814433,0.9122255227444813,0.9197080291970803,0.6590497737556562,4,1.0,1,1.0,0.0003,4,3
0.9044117647058824,0.9517939687431214,0.9517939687431214,0.8925619834710744,0.9032346341196431,0.9044117647058824,0.6108298481179837,1,0.428571,2,0.79468,0.0003,4,3
0.8823529411764706,0.9437596302003082,0.9437596302003082,0.8596491228070176,0.8791916500111037,0.8823529411764706,0.5210213515298261,2,0.5,2,0.902266,0.0003,4,3
0.8897058823529411,0.9228483381025754,0.9228483381025754,0.8717948717948718,0.8875103391232424,0.8897058823529411,0.550957517059212,3,0.333333,2,0.975103,0.0003,4,3
0.4338235294117647,0.9173453664979089,0.9173453664979089,0.6051282051282051,0.30256410256410254,0.4338235294117647,-1.305084745762712,4,0.0,2,0.9946649999999999,0.0003,4,3
0.9051094890510949,0.9769401330376941,0.9769401330376941,0.8907563025210083,0.9034426673895364,0.9051094890510949,0.60509977827051,1,0.53125,3,0.759695,0.0003,4,3
0.9416058394160584,0.9684035476718402,0.9684035476718402,0.9272727272727272,0.9392461197339246,0.9416058394160584,0.7569844789356984,2,0.6,3,0.900172,0.0003,4,3
0.9416058394160584,0.9647450110864746,0.9647450110864746,0.9285714285714285,0.939594356261023,0.9416058394160584,0.7569844789356984,3,0.5,3,0.9531649999999999,0.0003,4,3
0.8978102189781022,0.9409090909090909,0.9409090909090909,0.8627450980392157,0.8906748746010031,0.8978102189781021,0.5747228381374723,4,1.0,3,0.9932840000000001,0.0003,4,3
0.9124087591240876,0.9744642042863657,0.9744642042863657,0.8888888888888888,0.9082998661311914,0.9124087591240876,0.6251709986320109,1,0.5,0,0.7621140000000001,0.001,4,4
0.9562043795620438,0.9554263565891474,0.9554263565891474,0.9433962264150944,0.9538409703504043,0.9562043795620438,0.8125854993160054,2,0.5,0,0.889494,0.001,4,4
0.948905109489051,0.9490424076607388,0.9490424076607388,0.9333333333333333,0.945956607495069,0.948905109489051,0.7813497492020064,3,0.5,0,0.968842,0.001,4,4
0.3722627737226277,0.9490424076607388,0.9490424076607388,0.5425531914893617,0.2712765957446808,0.3722627737226277,-1.6862745098039218,4,0.0,0,0.9809889999999999,0.001,4,4
0.9197080291970803,0.9790484504583151,0.9790484504583151,0.9105691056910569,0.9188607117859258,0.9197080291970803,0.6711043212570931,1,0.46875,1,0.758165,0.001,4,4
0.9635036496350365,0.9624618070711479,0.9624618070711479,0.9572649572649573,0.9627089117534977,0.9635036496350365,0.8505019642077696,2,0.666667,1,0.894754,0.001,4,4
0.9562043795620438,0.9574421649934527,0.9574421649934527,0.9491525423728815,0.9553455019556715,0.9562043795620438,0.8206023570493235,3,0.5,1,0.956817,0.001,4,4
0.9562043795620438,0.9574421649934527,0.9574421649934527,0.9491525423728815,0.9553455019556715,0.9562043795620438,0.8206023570493235,4,1.0,1,0.985499,0.001,4,4
0.9343065693430657,0.9816742081447964,0.9816742081447964,0.9174311926605504,0.9314428690575479,0.9343065693430657,0.7210407239819006,1,0.457143,2,0.755746,0.001,4,4
0.9635036496350365,0.986764705882353,0.986764705882353,0.9504950495049506,0.9607966577004521,0.9635036496350365,0.8450226244343891,2,0.666667,2,0.8836620000000001,0.001,4,4
0.9635036496350365,0.9881221719457014,0.9881221719457014,0.9523809523809524,0.9613975767821922,0.9635036496350365,0.8450226244343891,3,0.5,2,0.95573,0.001,4,4
0.9635036496350365,0.9886877828054298,0.9886877828054298,0.9523809523809524,0.9613975767821922,0.9635036496350365,0.8450226244343891,4,0.5,2,0.992791,0.001,4,4
0.9197080291970803,0.9440870856011876,0.9440870856011876,0.8791208791208791,0.9095057947516964,0.9197080291970803,0.6271647699158832,1,0.424242,3,0.793892,0.001,4,4
0.8978102189781022,0.9215734784760019,0.9215734784760019,0.8333333333333333,0.8798245614035087,0.8978102189781021,0.5254824344383968,2,0.5,3,0.9017940000000001,0.001,4,4
0.9124087591240876,0.9208312716476992,0.9208312716476992,0.85,0.8940721649484535,0.9124087591240876,0.5932706580900544,3,0.5,3,0.976174,0.001,4,4
0.9051094890510949,0.9231815932706582,0.9231815932706582,0.8354430379746837,0.8843881856540086,0.9051094890510949,0.5593765462642256,4,1.0,3,1.0,0.001,4,4
0.9124087591240876,0.9618103055175559,0.9618103055175559,0.8888888888888888,0.9082998661311914,0.9124087591240876,0.6251709986320109,1,0.5,0,0.756073,0.003,4,4
0.9416058394160584,0.9537163702690379,0.9537163702690379,0.923076923076923,0.9380090497737557,0.9416058394160584,0.7501139990880072,2,0.666667,0,0.883288,0.003,4,4
0.948905109489051,0.9484724122207023,0.9484724122207023,0.9333333333333333,0.945956607495069,0.948905109489051,0.7813497492020064,3,0.5,0,0.955791,0.003,4,4
0.948905109489051,0.9484724122207023,0.9484724122207023,0.9333333333333333,0.945956607495069,0.948905109489051,0.7813497492020064,4,0.5,0,0.993059,0.003,4,4
0.9197080291970803,0.9771933653426451,0.9771933653426451,0.9105691056910569,0.9188607117859258,0.9197080291970803,0.6711043212570931,1,0.46875,1,0.757085,0.003,4,4
0.9635036496350365,0.960497599301615,0.960497599301615,0.9572649572649573,0.9627089117534977,0.9635036496350365,0.8505019642077696,2,0.666667,1,0.894235,0.003,4,4
0.948905109489051,0.9551505892623309,0.9551505892623309,0.94017094017094,0.9477924764548968,0.948905109489051,0.7907027498908774,3,0.5,1,0.960573,0.003,4,4
0.9343065693430657,0.9360541248363159,0.9360541248363159,0.9217391304347825,0.9325676784249384,0.9343065693430657,0.7309035355739852,4,0.5,1,0.98141,0.003,4,4
0.9343065693430657,0.9800904977375566,0.9800904977375566,0.9174311926605504,0.9314428690575479,0.9343065693430657,0.7210407239819006,1,0.457143,2,0.754714,0.003,4,4
0.9635036496350365,0.9868778280542986,0.9868778280542986,0.9504950495049506,0.9607966577004521,0.9635036496350365,0.8450226244343891,2,0.666667,2,0.8920629999999999,0.003,4,4
0.9708029197080292,0.9881221719457013,0.9881221719457013,0.9607843137254902,0.968764249886001,0.9708029197080292,0.8760180995475113,3,0.666667,2,0.962317,0.003,4,4
0.3795620437956204,0.9886877828054299,0.9886877828054299,0.5502645502645502,0.2751322751322751,0.3795620437956204,-1.6346153846153841,4,0.0,2,0.9976389999999999,0.003,4,4
0.8321167883211679,0.9304799604156359,0.9304799604156359,0.780952380952381,0.822428853198084,0.8321167883211679,0.22043542800593763,1,0.368421,3,0.788929,0.003,4,4
0.948905109489051,0.956086095992083,0.956086095992083,0.9195402298850575,0.9410535374024218,0.948905109489051,0.7627412172191984,2,0.5,3,0.901336,0.003,4,4
0.9343065693430657,0.9393864423552696,0.9393864423552696,0.896551724137931,0.9242116909459709,0.9343065693430657,0.6949529935675408,3,0.5,3,0.960274,0.003,4,4
0.9343065693430657,0.9294903513112319,0.9294903513112319,0.896551724137931,0.9242116909459709,0.9343065693430657,0.6949529935675408,4,0.5,3,0.9841,0.003,4,4
0.9124087591240876,0.9744642042863657,0.9744642042863657,0.8888888888888888,0.9082998661311914,0.9124087591240876,0.6251709986320109,1,0.5,0,0.762889,0.0001,4,4
0.9562043795620438,0.9554263565891474,0.9554263565891474,0.9433962264150944,0.9538409703504043,0.9562043795620438,0.8125854993160054,2,0.5,0,0.8909790000000001,0.0001,4,4
0.948905109489051,0.9479024167806659,0.9479024167806659,0.9333333333333333,0.945956607495069,0.948905109489051,0.7813497492020064,3,0.5,0,0.9708469999999999,0.0001,4,4
0.3722627737226277,0.9479024167806659,0.9479024167806659,0.5425531914893617,0.2712765957446808,0.3722627737226277,-1.6862745098039218,4,0.0,0,0.981259,0.0001,4,4
0.9197080291970803,0.9791575731121781,0.9791575731121781,0.9105691056910569,0.9188607117859258,0.9197080291970803,0.6711043212570931,1,0.46875,1,0.758618,0.0001,4,4
0.9635036496350365,0.9727193365342646,0.9727193365342646,0.9572649572649573,0.9627089117534977,0.9635036496350365,0.8505019642077696,2,0.571429,1,0.895877,0.0001,4,4
0.927007299270073,0.9308162374508949,0.9308162374508949,0.9107142857142858,0.9244929453262787,0.927007299270073,0.7010039284155392,3,0.5,1,0.962089,0.0001,4,4
0.9051094890510949,0.9224137931034483,0.9224137931034483,0.8761904761904762,0.8996336996336998,0.9051094890510949,0.6113051069402009,4,1.0,1,0.9727110000000001,0.0001,4,4
0.9343065693430657,0.9806561085972851,0.9806561085972851,0.9174311926605504,0.9314428690575479,0.9343065693430657,0.7210407239819006,1,0.457143,2,0.756071,0.0001,4,4
0.9562043795620438,0.9756787330316743,0.9756787330316743,0.9423076923076923,0.9535067873303167,0.9562043795620438,0.814027149321267,2,0.5,2,0.898626,0.0001,4,4
0.9635036496350365,0.9649321266968326,0.9649321266968326,0.9504950495049506,0.9607966577004521,0.9635036496350365,0.8450226244343891,3,0.5,2,0.96955,0.0001,4,4
0.3795620437956204,0.9650452488687783,0.9650452488687783,0.5502645502645502,0.2751322751322751,0.3795620437956204,-1.6346153846153841,4,0.0,2,0.98695,0.0001,4,4
0.9197080291970803,0.9440870856011876,0.9440870856011876,0.8791208791208791,0.9095057947516964,0.9197080291970803,0.6271647699158832,1,0.424242,3,0.793892,0.0001,4,4
0.8978102189781022,0.9215734784760019,0.9215734784760019,0.8333333333333333,0.8798245614035087,0.8978102189781021,0.5254824344383968,2,0.5,3,0.9017940000000001,0.0001,4,4
0.9124087591240876,0.9208312716476992,0.9208312716476992,0.85,0.8940721649484535,0.9124087591240876,0.5932706580900544,3,0.5,3,0.976174,0.0001,4,4
0.9051094890510949,0.9231815932706582,0.9231815932706582,0.8354430379746837,0.8843881856540086,0.9051094890510949,0.5593765462642256,4,1.0,3,1.0,0.0001,4,4
0.9124087591240876,0.9744642042863657,0.9744642042863657,0.8888888888888888,0.9082998661311914,0.9124087591240876,0.6251709986320109,1,0.5,0,0.762889,0.0003,4,4
0.9562043795620438,0.9554263565891474,0.9554263565891474,0.9433962264150944,0.9538409703504043,0.9562043795620438,0.8125854993160054,2,0.5,0,0.8909790000000001,0.0003,4,4
0.948905109489051,0.9479024167806659,0.9479024167806659,0.9333333333333333,0.945956607495069,0.948905109489051,0.7813497492020064,3,0.5,0,0.9708469999999999,0.0003,4,4
0.3722627737226277,0.9479024167806659,0.9479024167806659,0.5425531914893617,0.2712765957446808,0.3722627737226277,-1.6862745098039218,4,0.0,0,0.981259,0.0003,4,4
0.9197080291970803,0.9790484504583151,0.9790484504583151,0.9105691056910569,0.9188607117859258,0.9197080291970803,0.6711043212570931,1,0.46875,1,0.758165,0.0003,4,4
0.9635036496350365,0.9624618070711479,0.9624618070711479,0.9572649572649573,0.9627089117534977,0.9635036496350365,0.8505019642077696,2,0.666667,1,0.894754,0.0003,4,4
0.9562043795620438,0.9574421649934527,0.9574421649934527,0.9491525423728815,0.9553455019556715,0.9562043795620438,0.8206023570493235,3,0.5,1,0.956817,0.0003,4,4
0.9562043795620438,0.9574421649934527,0.9574421649934527,0.9491525423728815,0.9553455019556715,0.9562043795620438,0.8206023570493235,4,1.0,1,0.985499,0.0003,4,4
0.9343065693430657,0.9816742081447964,0.9816742081447964,0.9174311926605504,0.9314428690575479,0.9343065693430657,0.7210407239819006,1,0.457143,2,0.755746,0.0003,4,4
0.9635036496350365,0.986764705882353,0.986764705882353,0.9504950495049506,0.9607966577004521,0.9635036496350365,0.8450226244343891,2,0.666667,2,0.8836620000000001,0.0003,4,4
0.9635036496350365,0.9881221719457014,0.9881221719457014,0.9523809523809524,0.9613975767821922,0.9635036496350365,0.8450226244343891,3,0.5,2,0.95573,0.0003,4,4
0.9635036496350365,0.9886877828054298,0.9886877828054298,0.9523809523809524,0.9613975767821922,0.9635036496350365,0.8450226244343891,4,0.5,2,0.992791,0.0003,4,4
0.9197080291970803,0.9440870856011876,0.9440870856011876,0.8791208791208791,0.9095057947516964,0.9197080291970803,0.6271647699158832,1,0.424242,3,0.793892,0.0003,4,4
0.8978102189781022,0.9215734784760019,0.9215734784760019,0.8333333333333333,0.8798245614035087,0.8978102189781021,0.5254824344383968,2,0.5,3,0.9017940000000001,0.0003,4,4
0.9124087591240876,0.9208312716476992,0.9208312716476992,0.85,0.8940721649484535,0.9124087591240876,0.5932706580900544,3,0.5,3,0.976174,0.0003,4,4
0.9051094890510949,0.9231815932706582,0.9231815932706582,0.8354430379746837,0.8843881856540086,0.9051094890510949,0.5593765462642256,4,1.0,3,1.0,0.0003,4,4
