accuracy,auc_macro,auc_micro,f1_binary,f1_macro,f1_micro,r2,threshold,num_features,test_fold_i,train_r2,lambda_,max_features,split_version
0.9117647058823529,0.9662053056516724,0.9662053056516724,0.8888888888888888,0.9078590785907859,0.9117647058823528,0.6235294117647059,0.5,1,0,0.7672180000000001,0.003,9,0
0.9632352941176471,0.9833910034602076,0.9833910034602076,0.9504950495049505,0.9606276417115396,0.9632352941176471,0.8431372549019608,0.5,2,0,0.900277,0.003,9,0
0.9338235294117647,0.9761245674740485,0.9761245674740485,0.9072164948453608,0.9278939617083948,0.9338235294117647,0.7176470588235294,0.714286,3,0,0.9851040000000001,0.003,9,0
0.9558823529411765,0.9763552479815456,0.9763552479815456,0.9400000000000001,0.9525581395348837,0.9558823529411765,0.8117647058823529,0.5,4,0,0.9947870000000001,0.003,9,0
0.375,0.9763552479815456,0.9763552479815456,0.5454545454545454,0.2727272727272727,0.375,-1.6666666666666665,0.0,5,0,1.0,0.003,9,0
0.8540145985401459,0.8803782505910166,0.8803782505910166,0.8,0.842528735632184,0.8540145985401459,0.3522458628841607,0.5,1,1,0.768247,0.003,9,0
0.9124087591240876,0.9353427895981087,0.9353427895981087,0.875,0.9037921348314608,0.9124087591240876,0.6113475177304963,0.571429,2,1,0.8949299999999999,0.003,9,0
0.927007299270073,0.9306146572104019,0.9306146572104019,0.891304347826087,0.9181796464405161,0.927007299270073,0.6761229314420804,0.666667,3,1,0.9689209999999999,0.003,9,0
0.9416058394160584,0.9335697399527187,0.9335697399527187,0.9130434782608695,0.9345437171524127,0.9416058394160584,0.7408983451536643,0.5,4,1,0.9922469999999999,0.003,9,0
0.927007299270073,0.9335697399527187,0.9335697399527187,0.8863636363636364,0.9163000977517106,0.927007299270073,0.6761229314420804,1.0,5,1,0.997416,0.003,9,0
0.9117647058823529,0.9634868421052633,0.9634868421052633,0.9,0.9105263157894736,0.9117647058823528,0.6421052631578947,0.473684,1,2,0.7697069999999999,0.003,9,0
0.9485294117647058,0.968859649122807,0.968859649122807,0.943089430894309,0.9480547825612484,0.9485294117647058,0.7912280701754386,0.5,2,2,0.894651,0.003,9,0
0.9558823529411765,0.961732456140351,0.961732456140351,0.9500000000000001,0.9552631578947368,0.9558823529411765,0.8210526315789474,0.666667,3,2,0.962774,0.003,9,0
0.4411764705882353,0.9535087719298246,0.9535087719298246,0.6122448979591837,0.30612244897959184,0.4411764705882353,-1.2666666666666666,0.0,4,2,0.982397,0.003,9,0
0.927007299270073,0.9546106067845198,0.9546106067845198,0.8979591836734695,0.9205705009276438,0.927007299270073,0.672718585762064,0.459459,1,3,0.775953,0.003,9,0
0.9343065693430657,0.9400382226469184,0.9400382226469184,0.9010989010989011,0.9259592866150244,0.9343065693430657,0.7054467271858575,0.666667,2,3,0.918242,0.003,9,0
0.9124087591240876,0.9014572384137602,0.9014572384137602,0.8636363636363636,0.8995601173020529,0.9124087591240876,0.6072623029144768,0.75,3,3,0.9718760000000001,0.003,9,0
0.9124087591240876,0.9014572384137602,0.9014572384137602,0.8636363636363636,0.8995601173020529,0.9124087591240876,0.6072623029144768,1.0,4,3,0.9847670000000001,0.003,9,0
0.9117647058823529,0.9647058823529412,0.9647058823529412,0.8888888888888888,0.9078590785907859,0.9117647058823528,0.6235294117647059,0.5,1,0,0.768861,0.001,9,0
0.9632352941176471,0.9845444059976932,0.9845444059976932,0.9504950495049505,0.9606276417115396,0.9632352941176471,0.8431372549019608,0.5,2,0,0.908967,0.001,9,0
0.9632352941176471,0.9768166089965399,0.9768166089965399,0.9504950495049505,0.9606276417115396,0.9632352941176471,0.8431372549019608,0.333333,3,0,0.993049,0.001,9,0
0.375,0.9768166089965399,0.9768166089965399,0.5454545454545454,0.2727272727272727,0.375,-1.6666666666666665,0.0,4,0,1.0,0.001,9,0
0.8540145985401459,0.9002364066193853,0.9002364066193853,0.8,0.842528735632184,0.8540145985401459,0.3522458628841607,0.5,1,1,0.771044,0.001,9,0
0.9343065693430657,0.9472813238770685,0.9472813238770685,0.9010989010989012,0.9259592866150244,0.9343065693430657,0.7085106382978723,0.6,2,1,0.899739,0.001,9,0
0.9197080291970803,0.9495271867612293,0.9495271867612293,0.8791208791208791,0.9095057947516964,0.9197080291970803,0.6437352245862884,0.666667,3,1,0.9784200000000001,0.001,9,0
0.927007299270073,0.9502364066193854,0.9502364066193854,0.891304347826087,0.9181796464405161,0.927007299270073,0.6761229314420804,0.5,4,1,0.9853120000000001,0.001,9,0
0.8978102189781022,0.9502364066193854,0.9502364066193854,0.8333333333333334,0.8798245614035087,0.8978102189781021,0.5465721040189124,1.0,5,1,0.990481,0.001,9,0
0.9117647058823529,0.9634868421052633,0.9634868421052633,0.9,0.9105263157894736,0.9117647058823528,0.6421052631578947,0.473684,1,2,0.7697069999999999,0.001,9,0
0.9485294117647058,0.968859649122807,0.968859649122807,0.943089430894309,0.9480547825612484,0.9485294117647058,0.7912280701754386,0.5,2,2,0.894651,0.001,9,0
0.9558823529411765,0.961732456140351,0.961732456140351,0.9500000000000001,0.9552631578947368,0.9558823529411765,0.8210526315789474,0.666667,3,2,0.962774,0.001,9,0
0.4411764705882353,0.9535087719298246,0.9535087719298246,0.6122448979591837,0.30612244897959184,0.4411764705882353,-1.2666666666666666,0.0,4,2,0.982397,0.001,9,0
0.927007299270073,0.9546106067845198,0.9546106067845198,0.8979591836734695,0.9205705009276438,0.927007299270073,0.672718585762064,0.459459,1,3,0.775953,0.001,9,0
0.9343065693430657,0.9400382226469184,0.9400382226469184,0.9010989010989011,0.9259592866150244,0.9343065693430657,0.7054467271858575,0.666667,2,3,0.918242,0.001,9,0
0.9124087591240876,0.9014572384137602,0.9014572384137602,0.8636363636363636,0.8995601173020529,0.9124087591240876,0.6072623029144768,0.75,3,3,0.9718760000000001,0.001,9,0
0.9124087591240876,0.9014572384137602,0.9014572384137602,0.8636363636363636,0.8995601173020529,0.9124087591240876,0.6072623029144768,1.0,4,3,0.9847670000000001,0.001,9,0
0.9117647058823529,0.9647058823529412,0.9647058823529412,0.8888888888888888,0.9078590785907859,0.9117647058823528,0.6235294117647059,0.5,1,0,0.769324,0.0003,9,0
0.9558823529411765,0.9700115340253749,0.9700115340253749,0.9400000000000001,0.9525581395348837,0.9558823529411765,0.8117647058823529,0.571429,2,0,0.902639,0.0003,9,0
0.9485294117647058,0.9572087658592849,0.9572087658592849,0.9292929292929293,0.9444152507736323,0.9485294117647058,0.7803921568627451,0.333333,3,0,0.9819829999999999,0.0003,9,0
0.375,0.9572087658592849,0.9572087658592849,0.5454545454545454,0.2727272727272727,0.375,-1.6666666666666665,0.0,4,0,0.988934,0.0003,9,0
0.8540145985401459,0.8944444444444445,0.8944444444444445,0.8,0.842528735632184,0.8540145985401459,0.3522458628841607,0.5,1,1,0.771654,0.0003,9,0
0.9124087591240876,0.9429078014184397,0.9429078014184397,0.875,0.9037921348314608,0.9124087591240876,0.6113475177304963,0.5,2,1,0.902011,0.0003,9,0
0.9343065693430657,0.9501182033096927,0.9501182033096927,0.9032258064516129,0.9267510247727677,0.9343065693430657,0.7085106382978723,0.5,3,1,0.975836,0.0003,9,0
0.8759124087591241,0.9505910165484633,0.9505910165484633,0.8,0.855026455026455,0.8759124087591241,0.44940898345153657,1.0,4,1,0.993065,0.0003,9,0
0.9117647058823529,0.9626096491228071,0.9626096491228071,0.9,0.9105263157894736,0.9117647058823528,0.6421052631578947,0.473684,1,2,0.7707149999999999,0.0003,9,0
0.9485294117647058,0.9665570175438597,0.9665570175438597,0.943089430894309,0.9480547825612484,0.9485294117647058,0.7912280701754386,0.5,2,2,0.893819,0.0003,9,0
0.9485294117647058,0.9622807017543861,0.9622807017543861,0.9421487603305784,0.9478955722182694,0.9485294117647058,0.7912280701754386,0.5,3,2,0.9574729999999999,0.0003,9,0
0.4411764705882353,0.9540570175438596,0.9540570175438596,0.6122448979591837,0.30612244897959184,0.4411764705882353,-1.2666666666666666,0.0,4,2,0.9753129999999999,0.0003,9,0
0.927007299270073,0.9530578117534639,0.9530578117534639,0.8979591836734695,0.9205705009276438,0.927007299270073,0.672718585762064,0.459459,1,3,0.7767729999999999,0.0003,9,0
0.9343065693430657,0.9413521261347348,0.9413521261347348,0.9010989010989011,0.9259592866150244,0.9343065693430657,0.7054467271858575,0.666667,2,3,0.9221799999999999,0.0003,9,0
0.9124087591240876,0.9055183946488294,0.9055183946488294,0.8604651162790697,0.8983176645225136,0.9124087591240876,0.6072623029144768,0.75,3,3,0.9718760000000001,0.0003,9,0
0.9124087591240876,0.9055183946488294,0.9055183946488294,0.8604651162790697,0.8983176645225136,0.9124087591240876,0.6072623029144768,1.0,4,3,0.9847670000000001,0.0003,9,0
0.9117647058823529,0.9647058823529412,0.9647058823529412,0.8888888888888888,0.9078590785907859,0.9117647058823528,0.6235294117647059,0.5,1,0,0.769324,0.0001,9,0
0.9558823529411765,0.9700115340253749,0.9700115340253749,0.9400000000000001,0.9525581395348837,0.9558823529411765,0.8117647058823529,0.571429,2,0,0.902639,0.0001,9,0
0.9485294117647058,0.9572087658592849,0.9572087658592849,0.9292929292929293,0.9444152507736323,0.9485294117647058,0.7803921568627451,0.333333,3,0,0.9819829999999999,0.0001,9,0
0.375,0.9572087658592849,0.9572087658592849,0.5454545454545454,0.2727272727272727,0.375,-1.6666666666666665,0.0,4,0,0.988934,0.0001,9,0
0.8540145985401459,0.8944444444444445,0.8944444444444445,0.8,0.842528735632184,0.8540145985401459,0.3522458628841607,0.5,1,1,0.771654,0.0001,9,0
0.9124087591240876,0.9429078014184397,0.9429078014184397,0.875,0.9037921348314608,0.9124087591240876,0.6113475177304963,0.5,2,1,0.902011,0.0001,9,0
0.9343065693430657,0.9501182033096927,0.9501182033096927,0.9032258064516129,0.9267510247727677,0.9343065693430657,0.7085106382978723,0.5,3,1,0.975836,0.0001,9,0
0.8759124087591241,0.9505910165484633,0.9505910165484633,0.8,0.855026455026455,0.8759124087591241,0.44940898345153657,1.0,4,1,0.993065,0.0001,9,0
0.9117647058823529,0.9626096491228071,0.9626096491228071,0.9,0.9105263157894736,0.9117647058823528,0.6421052631578947,0.473684,1,2,0.7707149999999999,0.0001,9,0
0.9485294117647058,0.9665570175438597,0.9665570175438597,0.943089430894309,0.9480547825612484,0.9485294117647058,0.7912280701754386,0.5,2,2,0.8938879999999999,0.0001,9,0
0.9485294117647058,0.9622807017543861,0.9622807017543861,0.9421487603305784,0.9478955722182694,0.9485294117647058,0.7912280701754386,0.5,3,2,0.9574600000000001,0.0001,9,0
0.4411764705882353,0.9540570175438596,0.9540570175438596,0.6122448979591837,0.30612244897959184,0.4411764705882353,-1.2666666666666666,0.0,4,2,0.9753,0.0001,9,0
0.927007299270073,0.9530578117534639,0.9530578117534639,0.8979591836734695,0.9205705009276438,0.927007299270073,0.672718585762064,0.459459,1,3,0.7767729999999999,0.0001,9,0
0.9343065693430657,0.9413521261347348,0.9413521261347348,0.9010989010989011,0.9259592866150244,0.9343065693430657,0.7054467271858575,0.666667,2,3,0.9221799999999999,0.0001,9,0
0.9124087591240876,0.9055183946488294,0.9055183946488294,0.8604651162790697,0.8983176645225136,0.9124087591240876,0.6072623029144768,0.75,3,3,0.9718760000000001,0.0001,9,0
0.9124087591240876,0.9055183946488294,0.9055183946488294,0.8604651162790697,0.8983176645225136,0.9124087591240876,0.6072623029144768,1.0,4,3,0.9847670000000001,0.0001,9,0
0.9117647058823529,0.9647058823529412,0.9647058823529412,0.8888888888888888,0.9078590785907859,0.9117647058823528,0.6235294117647059,0.5,1,0,0.769324,3e-05,9,0
0.9558823529411765,0.9700115340253749,0.9700115340253749,0.9400000000000001,0.9525581395348837,0.9558823529411765,0.8117647058823529,0.571429,2,0,0.902639,3e-05,9,0
0.9485294117647058,0.9572087658592849,0.9572087658592849,0.9292929292929293,0.9444152507736323,0.9485294117647058,0.7803921568627451,0.333333,3,0,0.9819829999999999,3e-05,9,0
0.375,0.9572087658592849,0.9572087658592849,0.5454545454545454,0.2727272727272727,0.375,-1.6666666666666665,0.0,4,0,0.988934,3e-05,9,0
0.8540145985401459,0.8944444444444445,0.8944444444444445,0.8,0.842528735632184,0.8540145985401459,0.3522458628841607,0.5,1,1,0.771746,3e-05,9,0
0.9197080291970803,0.9393617021276595,0.9393617021276595,0.8865979381443299,0.9122255227444813,0.9197080291970803,0.6437352245862884,0.5,2,1,0.894395,3e-05,9,0
0.9343065693430657,0.9304964539007091,0.9304964539007091,0.9032258064516129,0.9267510247727677,0.9343065693430657,0.7085106382978723,0.5,3,1,0.97583,3e-05,9,0
0.8832116788321168,0.9309692671394798,0.9309692671394798,0.813953488372093,0.8644235526966848,0.8832116788321168,0.4817966903073285,1.0,4,1,0.993059,3e-05,9,0
0.9117647058823529,0.9626096491228071,0.9626096491228071,0.9,0.9105263157894736,0.9117647058823528,0.6421052631578947,0.473684,1,2,0.770774,3e-05,9,0
0.9485294117647058,0.9665570175438597,0.9665570175438597,0.943089430894309,0.9480547825612484,0.9485294117647058,0.7912280701754386,0.5,2,2,0.902451,3e-05,9,0
0.9558823529411765,0.9622807017543861,0.9622807017543861,0.9500000000000001,0.9552631578947368,0.9558823529411765,0.8210526315789474,0.666667,3,2,0.9824360000000001,3e-05,9,0
0.4411764705882353,0.9626096491228071,0.9626096491228071,0.6122448979591837,0.30612244897959184,0.4411764705882353,-1.2666666666666666,0.0,4,2,0.9895719999999999,3e-05,9,0
0.927007299270073,0.9530578117534639,0.9530578117534639,0.8979591836734695,0.9205705009276438,0.927007299270073,0.672718585762064,0.459459,1,3,0.7767729999999999,3e-05,9,0
0.9343065693430657,0.9413521261347348,0.9413521261347348,0.9010989010989011,0.9259592866150244,0.9343065693430657,0.7054467271858575,0.666667,2,3,0.9221799999999999,3e-05,9,0
0.9124087591240876,0.9055183946488294,0.9055183946488294,0.8604651162790697,0.8983176645225136,0.9124087591240876,0.6072623029144768,0.75,3,3,0.9718760000000001,3e-05,9,0
0.9124087591240876,0.9055183946488294,0.9055183946488294,0.8604651162790697,0.8983176645225136,0.9124087591240876,0.6072623029144768,1.0,4,3,0.9847670000000001,3e-05,9,0
0.9117647058823529,0.9647058823529412,0.9647058823529412,0.8888888888888888,0.9078590785907859,0.9117647058823528,0.6235294117647059,0.5,1,0,0.769343,1e-05,9,0
0.9558823529411765,0.9746251441753172,0.9746251441753172,0.9400000000000001,0.9525581395348837,0.9558823529411765,0.8117647058823529,0.5,2,0,0.9213629999999999,1e-05,9,0
0.9411764705882353,0.9572087658592849,0.9572087658592849,0.9183673469387754,0.9361951677222613,0.9411764705882353,0.7490196078431373,0.666667,3,0,0.993049,1e-05,9,0
0.375,0.9572087658592849,0.9572087658592849,0.5454545454545454,0.2727272727272727,0.375,-1.6666666666666665,0.0,4,0,1.0,1e-05,9,0
0.8540145985401459,0.8944444444444445,0.8944444444444445,0.8,0.842528735632184,0.8540145985401459,0.3522458628841607,0.5,1,1,0.771746,1e-05,9,0
0.9197080291970803,0.9393617021276595,0.9393617021276595,0.8865979381443299,0.9122255227444813,0.9197080291970803,0.6437352245862884,0.5,2,1,0.894395,1e-05,9,0
0.9343065693430657,0.9304964539007091,0.9304964539007091,0.9032258064516129,0.9267510247727677,0.9343065693430657,0.7085106382978723,0.5,3,1,0.97583,1e-05,9,0
0.8832116788321168,0.9309692671394798,0.9309692671394798,0.813953488372093,0.8644235526966848,0.8832116788321168,0.4817966903073285,1.0,4,1,0.993059,1e-05,9,0
0.9117647058823529,0.9626096491228071,0.9626096491228071,0.9,0.9105263157894736,0.9117647058823528,0.6421052631578947,0.473684,1,2,0.770774,1e-05,9,0
0.9485294117647058,0.9665570175438597,0.9665570175438597,0.943089430894309,0.9480547825612484,0.9485294117647058,0.7912280701754386,0.5,2,2,0.902451,1e-05,9,0
0.9558823529411765,0.9622807017543861,0.9622807017543861,0.9500000000000001,0.9552631578947368,0.9558823529411765,0.8210526315789474,0.666667,3,2,0.9824360000000001,1e-05,9,0
0.4411764705882353,0.9626096491228071,0.9626096491228071,0.6122448979591837,0.30612244897959184,0.4411764705882353,-1.2666666666666666,0.0,4,2,0.9895719999999999,1e-05,9,0
0.927007299270073,0.9530578117534639,0.9530578117534639,0.8979591836734695,0.9205705009276438,0.927007299270073,0.672718585762064,0.459459,1,3,0.7767729999999999,1e-05,9,0
0.9343065693430657,0.9413521261347348,0.9413521261347348,0.9010989010989011,0.9259592866150244,0.9343065693430657,0.7054467271858575,0.666667,2,3,0.9221799999999999,1e-05,9,0
0.9124087591240876,0.9055183946488294,0.9055183946488294,0.8604651162790697,0.8983176645225136,0.9124087591240876,0.6072623029144768,0.75,3,3,0.9718760000000001,1e-05,9,0
0.9124087591240876,0.9055183946488294,0.9055183946488294,0.8604651162790697,0.8983176645225136,0.9124087591240876,0.6072623029144768,1.0,4,3,0.9847670000000001,1e-05,9,0
0.8897058823529411,0.9520531400966183,0.9520531400966183,0.8543689320388349,0.8828057677945653,0.8897058823529411,0.5072463768115942,0.515152,1,0,0.789247,0.003,9,1
0.9264705882352942,0.957487922705314,0.957487922705314,0.9,0.9209302325581395,0.9264705882352942,0.6714975845410629,0.5,2,0,0.937211,0.003,9,1
0.9338235294117647,0.9621980676328503,0.9621980676328503,0.9052631578947369,0.9272078501338092,0.9338235294117647,0.7043478260869566,0.666667,3,0,0.984554,0.003,9,1
0.9485294117647058,0.9636473429951691,0.9636473429951691,0.9278350515463919,0.943917525773196,0.9485294117647058,0.770048309178744,0.5,4,0,0.993135,0.003,9,1
0.3382352941176471,0.9636473429951691,0.9636473429951691,0.5054945054945055,0.25274725274725274,0.3382352941176471,-1.9565217391304346,0.0,5,0,0.9982840000000001,0.003,9,1
0.8978102189781022,0.9708045977011495,0.9708045977011495,0.8703703703703703,0.8930165104863901,0.8978102189781021,0.5590804597701149,0.484848,1,1,0.7752760000000001,0.003,9,1
0.927007299270073,0.9212643678160919,0.9212643678160919,0.9038461538461539,0.9225113122171946,0.927007299270073,0.6850574712643678,0.666667,2,1,0.921168,0.003,9,1
0.927007299270073,0.9271264367816092,0.9271264367816092,0.9038461538461539,0.9225113122171946,0.927007299270073,0.6850574712643678,0.5,3,1,0.97483,0.003,9,1
0.9124087591240876,0.9278160919540229,0.9278160919540229,0.8823529411764707,0.9062927496580028,0.9124087591240876,0.6220689655172413,1.0,4,1,1.0,0.003,9,1
0.9191176470588235,0.9721296913168999,0.9721296913168999,0.9075630252100839,0.9178338001867412,0.9191176470588235,0.6677770375305352,0.483871,1,2,0.758786,0.003,9,1
0.9705882352941176,0.9771263602043083,0.9771263602043083,0.9642857142857142,0.969642857142857,0.9705882352941176,0.8791916500111037,0.6,2,2,0.8975139999999999,0.003,9,1
0.9632352941176471,0.9717965800577393,0.9717965800577393,0.954954954954955,0.9619495271669185,0.9632352941176471,0.8489895625138797,0.5,3,2,0.9691489999999999,0.003,9,1
0.41911764705882354,0.9578059071729959,0.9578059071729959,0.5906735751295337,0.29533678756476683,0.41911764705882354,-1.3859649122807016,0.0,4,2,0.999449,0.003,9,1
0.927007299270073,0.9764021887824897,0.9764021887824897,0.9038461538461539,0.9225113122171945,0.927007299270073,0.6876424988600092,0.486486,1,3,0.750692,0.003,9,1
0.9781021897810219,0.9783401732786139,0.9783401732786139,0.9696969696969697,0.9762770562770562,0.9781021897810219,0.9062927496580028,0.666667,2,3,0.864232,0.003,9,1
0.9562043795620438,0.9679662562699498,0.9679662562699498,0.9400000000000001,0.9527586206896552,0.9562043795620438,0.8125854993160054,0.5,3,3,0.9448059999999999,0.003,9,1
0.9562043795620438,0.9631782945736435,0.9631782945736435,0.9400000000000001,0.9527586206896552,0.9562043795620438,0.8125854993160054,0.5,4,3,0.985083,0.003,9,1
0.9416058394160584,0.9631782945736435,0.9631782945736435,0.9166666666666665,0.9358614232209737,0.9416058394160584,0.7501139990880072,1.0,5,3,0.9903040000000001,0.003,9,1
0.8897058823529411,0.9520531400966183,0.9520531400966183,0.8543689320388349,0.8828057677945653,0.8897058823529411,0.5072463768115942,0.515152,1,0,0.789247,0.001,9,1
0.9264705882352942,0.957487922705314,0.957487922705314,0.9,0.9209302325581395,0.9264705882352942,0.6714975845410629,0.5,2,0,0.937211,0.001,9,1
0.9338235294117647,0.9621980676328503,0.9621980676328503,0.9052631578947369,0.9272078501338092,0.9338235294117647,0.7043478260869566,0.666667,3,0,0.984554,0.001,9,1
0.9485294117647058,0.9636473429951691,0.9636473429951691,0.9278350515463919,0.943917525773196,0.9485294117647058,0.770048309178744,0.5,4,0,0.993135,0.001,9,1
0.3382352941176471,0.9636473429951691,0.9636473429951691,0.5054945054945055,0.25274725274725274,0.3382352941176471,-1.9565217391304346,0.0,5,0,0.9982840000000001,0.001,9,1
0.8978102189781022,0.9696551724137932,0.9696551724137932,0.8703703703703703,0.8930165104863901,0.8978102189781021,0.5590804597701149,0.484848,1,1,0.778014,0.001,9,1
0.927007299270073,0.9208045977011493,0.9208045977011493,0.9038461538461539,0.9225113122171946,0.927007299270073,0.6850574712643678,0.5,2,1,0.934298,0.001,9,1
0.9124087591240876,0.9198850574712644,0.9198850574712644,0.8867924528301886,0.9076819407008085,0.9124087591240876,0.6220689655172413,0.5,3,1,0.976103,0.001,9,1
0.8978102189781022,0.9121839080459769,0.9121839080459769,0.8627450980392156,0.8906748746010031,0.8978102189781021,0.5590804597701149,1.0,4,1,0.9943299999999999,0.001,9,1
0.9191176470588235,0.9735731734399289,0.9735731734399289,0.9075630252100839,0.9178338001867412,0.9191176470588235,0.6677770375305352,0.483871,1,2,0.759975,0.001,9,1
0.9411764705882353,0.976571174772374,0.976571174772374,0.9259259259259259,0.938572719060524,0.9411764705882353,0.7583833000222074,0.571429,2,2,0.900495,0.001,9,1
0.9338235294117647,0.9540306462358428,0.9540306462358428,0.9158878504672898,0.9306711979609177,0.9338235294117647,0.7281812125249834,0.5,3,2,0.969511,0.001,9,1
0.41911764705882354,0.9488119031756607,0.9488119031756607,0.5906735751295337,0.29533678756476683,0.41911764705882354,-1.3859649122807016,0.0,4,2,0.999558,0.001,9,1
0.927007299270073,0.9759461924304605,0.9759461924304605,0.9038461538461539,0.9225113122171945,0.927007299270073,0.6876424988600092,0.486486,1,3,0.753937,0.001,9,1
0.9781021897810219,0.9779981760145919,0.9779981760145919,0.9696969696969697,0.9762770562770562,0.9781021897810219,0.9062927496580028,0.666667,2,3,0.885258,0.001,9,1
0.9635036496350365,0.9797081623347014,0.9797081623347014,0.9484536082474228,0.9601025103384007,0.9635036496350365,0.8438212494300046,0.666667,3,3,0.9788549999999999,0.001,9,1
0.9343065693430657,0.979936160510716,0.979936160510716,0.9032258064516129,0.9267510247727677,0.9343065693430657,0.7188782489740082,1.0,4,3,0.9910370000000001,0.001,9,1
0.8897058823529411,0.9526570048309179,0.9526570048309179,0.8543689320388349,0.8828057677945653,0.8897058823529411,0.5072463768115942,0.515152,1,0,0.790674,0.0003,9,1
0.9264705882352942,0.9596618357487923,0.9596618357487923,0.9,0.9209302325581395,0.9264705882352942,0.6714975845410629,0.5,2,0,0.943708,0.0003,9,1
0.3382352941176471,0.9629227053140097,0.9629227053140097,0.5054945054945055,0.25274725274725274,0.3382352941176471,-1.9565217391304346,0.0,3,0,0.994851,0.0003,9,1
0.8978102189781022,0.9696551724137932,0.9696551724137932,0.8703703703703703,0.8930165104863901,0.8978102189781021,0.5590804597701149,0.484848,1,1,0.778014,0.0003,9,1
0.927007299270073,0.9208045977011493,0.9208045977011493,0.9038461538461539,0.9225113122171946,0.927007299270073,0.6850574712643678,0.5,2,1,0.934486,0.0003,9,1
0.9124087591240876,0.9198850574712644,0.9198850574712644,0.8867924528301886,0.9076819407008085,0.9124087591240876,0.6220689655172413,0.5,3,1,0.9769709999999999,0.0003,9,1
0.8905109489051095,0.9203448275862068,0.9203448275862068,0.8514851485148515,0.8823899731013564,0.8905109489051094,0.5275862068965518,1.0,4,1,0.9943299999999999,0.0003,9,1
0.9191176470588235,0.9735731734399289,0.9735731734399289,0.9075630252100839,0.9178338001867412,0.9191176470588235,0.6677770375305352,0.483871,1,2,0.759975,0.0003,9,1
0.9411764705882353,0.976571174772374,0.976571174772374,0.9259259259259259,0.938572719060524,0.9411764705882353,0.7583833000222074,0.571429,2,2,0.900495,0.0003,9,1
0.9338235294117647,0.9540306462358428,0.9540306462358428,0.9158878504672898,0.9306711979609177,0.9338235294117647,0.7281812125249834,0.5,3,2,0.969511,0.0003,9,1
0.41911764705882354,0.9488119031756607,0.9488119031756607,0.5906735751295337,0.29533678756476683,0.41911764705882354,-1.3859649122807016,0.0,4,2,0.999558,0.0003,9,1
0.927007299270073,0.9759461924304605,0.9759461924304605,0.9038461538461539,0.9225113122171945,0.927007299270073,0.6876424988600092,0.486486,1,3,0.754841,0.0003,9,1
0.9781021897810219,0.9779981760145919,0.9779981760145919,0.9696969696969697,0.9762770562770562,0.9781021897810219,0.9062927496580028,0.666667,2,3,0.889766,0.0003,9,1
0.9708029197080292,0.9797081623347014,0.9797081623347014,0.96,0.9685057471264368,0.9708029197080292,0.8750569995440036,0.5,3,3,0.980799,0.0003,9,1
0.927007299270073,0.9700182398540811,0.9700182398540811,0.891304347826087,0.9181796464405161,0.927007299270073,0.6876424988600092,1.0,4,3,0.991241,0.0003,9,1
0.8897058823529411,0.9477053140096618,0.9477053140096618,0.8543689320388349,0.8828057677945653,0.8897058823529411,0.5072463768115942,0.515152,1,0,0.790871,0.0001,9,1
0.9264705882352942,0.9582125603864734,0.9582125603864734,0.9,0.9209302325581395,0.9264705882352942,0.6714975845410629,0.5,2,0,0.943708,0.0001,9,1
0.3382352941176471,0.9614734299516908,0.9614734299516908,0.5054945054945055,0.25274725274725274,0.3382352941176471,-1.9565217391304346,0.0,3,0,0.994851,0.0001,9,1
0.8978102189781022,0.9696551724137932,0.9696551724137932,0.8703703703703703,0.8930165104863901,0.8978102189781021,0.5590804597701149,0.484848,1,1,0.778014,0.0001,9,1
0.927007299270073,0.9208045977011493,0.9208045977011493,0.9038461538461539,0.9225113122171946,0.927007299270073,0.6850574712643678,0.5,2,1,0.934486,0.0001,9,1
0.9124087591240876,0.9198850574712644,0.9198850574712644,0.8867924528301886,0.9076819407008085,0.9124087591240876,0.6220689655172413,0.5,3,1,0.9769709999999999,0.0001,9,1
0.8905109489051095,0.9203448275862068,0.9203448275862068,0.8514851485148515,0.8823899731013564,0.8905109489051094,0.5275862068965518,1.0,4,1,0.9943299999999999,0.0001,9,1
0.9191176470588235,0.9736842105263158,0.9736842105263158,0.9075630252100839,0.9178338001867412,0.9191176470588235,0.6677770375305352,0.483871,1,2,0.760419,0.0001,9,1
0.9632352941176471,0.9723517654896735,0.9723517654896735,0.954954954954955,0.9619495271669185,0.9632352941176471,0.8489895625138797,0.5,2,2,0.913216,0.0001,9,1
0.9485294117647058,0.9551410170997113,0.9551410170997113,0.9357798165137614,0.9464175156188439,0.9485294117647058,0.7885853875194315,0.5,3,2,0.981441,0.0001,9,1
0.41911764705882354,0.9487008660892738,0.9487008660892738,0.5906735751295337,0.29533678756476683,0.41911764705882354,-1.3859649122807016,0.0,4,2,1.0,0.0001,9,1
0.927007299270073,0.9759461924304605,0.9759461924304605,0.9038461538461539,0.9225113122171945,0.927007299270073,0.6876424988600092,0.486486,1,3,0.7549520000000001,0.0001,9,1
0.9781021897810219,0.9779981760145919,0.9779981760145919,0.9696969696969697,0.9762770562770562,0.9781021897810219,0.9062927496580028,0.666667,2,3,0.8967280000000001,0.0001,9,1
0.9708029197080292,0.9797081623347014,0.9797081623347014,0.96,0.9685057471264368,0.9708029197080292,0.8750569995440036,0.5,3,3,0.9860200000000001,0.0001,9,1
0.9343065693430657,0.9700182398540811,0.9700182398540811,0.9032258064516129,0.9267510247727677,0.9343065693430657,0.7188782489740082,1.0,4,3,0.991241,0.0001,9,1
0.8897058823529411,0.9477053140096618,0.9477053140096618,0.8543689320388349,0.8828057677945653,0.8897058823529411,0.5072463768115942,0.515152,1,0,0.790871,3e-05,9,1
0.9264705882352942,0.9582125603864734,0.9582125603864734,0.9,0.9209302325581395,0.9264705882352942,0.6714975845410629,0.5,2,0,0.943708,3e-05,9,1
0.3382352941176471,0.9614734299516908,0.9614734299516908,0.5054945054945055,0.25274725274725274,0.3382352941176471,-1.9565217391304346,0.0,3,0,0.994851,3e-05,9,1
0.8978102189781022,0.9696551724137932,0.9696551724137932,0.8703703703703703,0.8930165104863901,0.8978102189781021,0.5590804597701149,0.484848,1,1,0.778014,3e-05,9,1
0.927007299270073,0.9208045977011493,0.9208045977011493,0.9038461538461539,0.9225113122171946,0.927007299270073,0.6850574712643678,0.5,2,1,0.934486,3e-05,9,1
0.9124087591240876,0.9198850574712644,0.9198850574712644,0.8867924528301886,0.9076819407008085,0.9124087591240876,0.6220689655172413,0.5,3,1,0.9769709999999999,3e-05,9,1
0.8905109489051095,0.9203448275862068,0.9203448275862068,0.8514851485148515,0.8823899731013564,0.8905109489051094,0.5275862068965518,1.0,4,1,0.9943299999999999,3e-05,9,1
0.9191176470588235,0.9736842105263158,0.9736842105263158,0.9075630252100839,0.9178338001867412,0.9191176470588235,0.6677770375305352,0.483871,1,2,0.760419,3e-05,9,1
0.9632352941176471,0.9723517654896735,0.9723517654896735,0.954954954954955,0.9619495271669185,0.9632352941176471,0.8489895625138797,0.5,2,2,0.913216,3e-05,9,1
0.9485294117647058,0.9551410170997113,0.9551410170997113,0.9357798165137614,0.9464175156188439,0.9485294117647058,0.7885853875194315,0.5,3,2,0.981441,3e-05,9,1
0.41911764705882354,0.9487008660892738,0.9487008660892738,0.5906735751295337,0.29533678756476683,0.41911764705882354,-1.3859649122807016,0.0,4,2,1.0,3e-05,9,1
0.927007299270073,0.9759461924304605,0.9759461924304605,0.9038461538461539,0.9225113122171945,0.927007299270073,0.6876424988600092,0.486486,1,3,0.7549520000000001,3e-05,9,1
0.9781021897810219,0.9779981760145919,0.9779981760145919,0.9696969696969697,0.9762770562770562,0.9781021897810219,0.9062927496580028,0.666667,2,3,0.8967280000000001,3e-05,9,1
0.9708029197080292,0.9797081623347014,0.9797081623347014,0.96,0.9685057471264368,0.9708029197080292,0.8750569995440036,0.5,3,3,0.9860200000000001,3e-05,9,1
0.9343065693430657,0.9700182398540811,0.9700182398540811,0.9032258064516129,0.9267510247727677,0.9343065693430657,0.7188782489740082,1.0,4,3,0.991241,3e-05,9,1
0.8897058823529411,0.9477053140096618,0.9477053140096618,0.8543689320388349,0.8828057677945653,0.8897058823529411,0.5072463768115942,0.515152,1,0,0.790871,1e-05,9,1
0.9264705882352942,0.9582125603864734,0.9582125603864734,0.9,0.9209302325581395,0.9264705882352942,0.6714975845410629,0.5,2,0,0.943708,1e-05,9,1
0.3382352941176471,0.9614734299516908,0.9614734299516908,0.5054945054945055,0.25274725274725274,0.3382352941176471,-1.9565217391304346,0.0,3,0,0.994851,1e-05,9,1
0.8978102189781022,0.9696551724137932,0.9696551724137932,0.8703703703703703,0.8930165104863901,0.8978102189781021,0.5590804597701149,0.484848,1,1,0.778014,1e-05,9,1
0.927007299270073,0.9208045977011493,0.9208045977011493,0.9038461538461539,0.9225113122171946,0.927007299270073,0.6850574712643678,0.5,2,1,0.934486,1e-05,9,1
0.9124087591240876,0.9198850574712644,0.9198850574712644,0.8867924528301886,0.9076819407008085,0.9124087591240876,0.6220689655172413,0.5,3,1,0.9769709999999999,1e-05,9,1
0.8905109489051095,0.9203448275862068,0.9203448275862068,0.8514851485148515,0.8823899731013564,0.8905109489051094,0.5275862068965518,1.0,4,1,0.9943299999999999,1e-05,9,1
0.9191176470588235,0.9736842105263158,0.9736842105263158,0.9075630252100839,0.9178338001867412,0.9191176470588235,0.6677770375305352,0.483871,1,2,0.760419,1e-05,9,1
0.9632352941176471,0.9723517654896735,0.9723517654896735,0.954954954954955,0.9619495271669185,0.9632352941176471,0.8489895625138797,0.5,2,2,0.913216,1e-05,9,1
0.9485294117647058,0.9551410170997113,0.9551410170997113,0.9357798165137614,0.9464175156188439,0.9485294117647058,0.7885853875194315,0.5,3,2,0.981441,1e-05,9,1
0.41911764705882354,0.9487008660892738,0.9487008660892738,0.5906735751295337,0.29533678756476683,0.41911764705882354,-1.3859649122807016,0.0,4,2,1.0,1e-05,9,1
0.927007299270073,0.9759461924304605,0.9759461924304605,0.9038461538461539,0.9225113122171945,0.927007299270073,0.6876424988600092,0.486486,1,3,0.7549520000000001,1e-05,9,1
0.9781021897810219,0.9779981760145919,0.9779981760145919,0.9696969696969697,0.9762770562770562,0.9781021897810219,0.9062927496580028,0.666667,2,3,0.8967280000000001,1e-05,9,1
0.9708029197080292,0.9797081623347014,0.9797081623347014,0.96,0.9685057471264368,0.9708029197080292,0.8750569995440036,0.5,3,3,0.9860200000000001,1e-05,9,1
0.9343065693430657,0.9700182398540811,0.9700182398540811,0.9032258064516129,0.9267510247727677,0.9343065693430657,0.7188782489740082,1.0,4,3,0.991241,1e-05,9,1
0.9191176470588235,0.9704757351183361,0.9704757351183361,0.8932038834951456,0.9140575630493479,0.9191176470588235,0.6423619411905331,0.4375,1,0,0.772101,0.003,9,2
0.9191176470588235,0.9719101123595506,0.9719101123595506,0.8817204301075269,0.9101339580705232,0.9191176470588235,0.6423619411905331,0.6,2,0,0.910651,0.003,9,2
0.9191176470588235,0.965933540521157,0.965933540521157,0.8817204301075269,0.9101339580705232,0.9191176470588235,0.6423619411905331,0.8,3,0,0.974453,0.003,9,2
0.9191176470588235,0.9671288548888357,0.9671288548888357,0.8817204301075269,0.9101339580705232,0.9191176470588235,0.6423619411905331,0.5,4,0,0.9948389999999999,0.003,9,2
0.34558823529411764,0.9677265120726751,0.9677265120726751,0.5136612021857923,0.2568306010928961,0.34558823529411764,-1.893617021276596,0.0,5,0,1.0,0.003,9,2
0.9124087591240876,0.9577221742881794,0.9577221742881794,0.9062499999999999,0.912029109589041,0.9124087591240876,0.6453839516824849,0.40625,1,1,0.778015,0.003,9,2
0.8978102189781022,0.9422993960310612,0.9422993960310612,0.8833333333333333,0.8962121212121212,0.8978102189781021,0.5862812769628991,0.666667,2,1,0.910559,0.003,9,2
0.9343065693430657,0.9387402933563417,0.9387402933563417,0.9268292682926829,0.9336133096430301,0.9343065693430657,0.7340379637618637,0.5,3,1,0.9658399999999999,0.003,9,2
0.927007299270073,0.9316220880069025,0.9316220880069025,0.9180327868852459,0.9261216566005177,0.927007299270073,0.7044866264020708,0.5,4,1,0.9837610000000001,0.003,9,2
0.8978102189781022,0.9316220880069025,0.9316220880069025,0.8813559322033898,0.8958061712298999,0.8978102189781021,0.5862812769628991,1.0,5,1,0.989137,0.003,9,2
0.8897058823529411,0.9552556818181819,0.9552556818181819,0.8598130841121496,0.8844519966015294,0.8897058823529411,0.5170454545454546,0.649123,1,2,0.770469,0.003,9,2
0.9485294117647058,0.9628314393939394,0.9628314393939394,0.9292929292929293,0.9444152507736323,0.9485294117647058,0.7746212121212122,0.5,2,2,0.8865290000000001,0.003,9,2
0.9338235294117647,0.9356060606060606,0.9356060606060606,0.9072164948453607,0.9278939617083947,0.9338235294117647,0.7102272727272727,0.5,3,2,0.956656,0.003,9,2
0.35294117647058826,0.937973484848485,0.937973484848485,0.5217391304347826,0.2608695652173913,0.35294117647058826,-1.833333333333333,0.0,4,2,0.9896530000000001,0.003,9,2
0.9124087591240876,0.9668773408239699,0.9668773408239699,0.8823529411764706,0.9062927496580027,0.9124087591240876,0.6151685393258427,0.514286,1,3,0.766374,0.003,9,2
0.9635036496350365,0.9735486891385767,0.9735486891385767,0.9473684210526315,0.9597177300793883,0.9635036496350365,0.8396535580524345,0.75,2,3,0.8960469999999999,0.003,9,2
0.948905109489051,0.9561095505617977,0.9561095505617977,0.924731182795699,0.9430285748232639,0.948905109489051,0.7755149812734082,0.5,3,3,0.9879100000000001,0.003,9,2
0.9343065693430657,0.9565777153558052,0.9565777153558052,0.9010989010989011,0.9259592866150244,0.9343065693430657,0.711376404494382,1.0,4,3,1.0,0.003,9,2
0.9191176470588235,0.9707147979918718,0.9707147979918718,0.8932038834951456,0.9140575630493479,0.9191176470588235,0.6423619411905331,0.4375,1,0,0.773282,0.001,9,2
0.9117647058823529,0.9740616782213722,0.9740616782213722,0.8695652173913044,0.9014492753623189,0.9117647058823528,0.6098493903896725,0.6,2,0,0.916334,0.001,9,2
0.9485294117647058,0.9759741812096582,0.9759741812096582,0.9292929292929293,0.9444152507736323,0.9485294117647058,0.7724121443939757,0.333333,3,0,0.9848610000000001,0.001,9,2
0.34558823529411764,0.9763327755199618,0.9763327755199618,0.5136612021857923,0.2568306010928961,0.34558823529411764,-1.893617021276596,0.0,4,0,1.0,0.001,9,2
0.9124087591240876,0.9577221742881794,0.9577221742881794,0.9062499999999999,0.912029109589041,0.9124087591240876,0.6453839516824849,0.40625,1,1,0.778015,0.001,9,2
0.8905109489051095,0.9483390854184641,0.9483390854184641,0.8739495798319327,0.8885876931417728,0.8905109489051094,0.5567299396031062,0.666667,2,1,0.910866,0.001,9,2
0.9124087591240876,0.9182484900776532,0.9182484900776532,0.9016393442622952,0.9113459879206213,0.9124087591240876,0.6453839516824849,0.5,3,1,0.9668469999999999,0.001,9,2
0.9124087591240876,0.919758412424504,0.919758412424504,0.9016393442622952,0.9113459879206213,0.9124087591240876,0.6453839516824849,0.5,4,1,0.9937280000000001,0.001,9,2
0.8686131386861314,0.919758412424504,0.919758412424504,0.8421052631578947,0.8648026315789474,0.8686131386861314,0.4680759275237274,1.0,5,1,0.9991040000000001,0.001,9,2
0.8897058823529411,0.9630681818181819,0.9630681818181819,0.8598130841121496,0.8844519966015294,0.8897058823529411,0.5170454545454546,0.586207,1,2,0.772887,0.001,9,2
0.9485294117647058,0.9765625,0.9765625,0.9292929292929293,0.9444152507736323,0.9485294117647058,0.7746212121212122,0.5,2,2,0.90954,0.001,9,2
0.9411764705882353,0.9688683712121213,0.9688683712121213,0.9183673469387755,0.9361951677222613,0.9411764705882353,0.7424242424242424,0.5,3,2,0.979305,0.001,9,2
0.35294117647058826,0.969815340909091,0.969815340909091,0.5217391304347826,0.2608695652173913,0.35294117647058826,-1.833333333333333,0.0,4,2,1.0,0.001,9,2
0.9124087591240876,0.9652387640449437,0.9652387640449437,0.8823529411764706,0.9062927496580027,0.9124087591240876,0.6151685393258427,0.514286,1,3,0.768606,0.001,9,2
0.9635036496350365,0.9727294007490637,0.9727294007490637,0.9484536082474228,0.9601025103384007,0.9635036496350365,0.8396535580524345,0.6,2,3,0.894596,0.001,9,2
0.9635036496350365,0.9665262172284644,0.9665262172284644,0.9473684210526315,0.9597177300793883,0.9635036496350365,0.8396535580524345,0.5,3,3,0.9709840000000001,0.001,9,2
0.9343065693430657,0.9565777153558052,0.9565777153558052,0.9010989010989011,0.9259592866150244,0.9343065693430657,0.711376404494382,1.0,4,3,0.9934370000000001,0.001,9,2
0.9044117647058824,0.9708343294286398,0.9708343294286398,0.8712871287128713,0.8976318684500029,0.9044117647058824,0.5773368395888119,0.5,1,0,0.773292,0.0003,9,2
0.9338235294117647,0.9621085345445852,0.9621085345445852,0.9052631578947369,0.9272078501338091,0.9338235294117647,0.7073870427922544,0.333333,2,0,0.9127790000000001,0.0003,9,2
0.9191176470588235,0.94107100167344,0.94107100167344,0.8865979381443299,0.9118703976435936,0.9191176470588235,0.6423619411905331,0.5,3,0,0.9787620000000001,0.0003,9,2
0.34558823529411764,0.9417881902940474,0.9417881902940474,0.5136612021857923,0.2568306010928961,0.34558823529411764,-1.893617021276596,0.0,4,0,0.996825,0.0003,9,2
0.9124087591240876,0.9566436583261432,0.9566436583261432,0.9062499999999999,0.912029109589041,0.9124087591240876,0.6453839516824849,0.40625,1,1,0.779125,0.0003,9,2
0.8978102189781022,0.940897325280414,0.940897325280414,0.8833333333333333,0.8962121212121212,0.8978102189781021,0.5862812769628991,0.666667,2,1,0.913861,0.0003,9,2
0.9343065693430657,0.9307592752372734,0.9307592752372734,0.9279999999999999,0.9337986577181208,0.9343065693430657,0.7340379637618637,0.5,3,1,0.972223,0.0003,9,2
0.9343065693430657,0.9314063848144951,0.9314063848144951,0.9279999999999999,0.9337986577181208,0.9343065693430657,0.7340379637618637,0.5,4,1,0.9937280000000001,0.0003,9,2
0.8832116788321168,0.9314063848144951,0.9314063848144951,0.864406779661017,0.8809213385484572,0.8832116788321168,0.5271786022433133,1.0,5,1,0.9991040000000001,0.0003,9,2
0.8897058823529411,0.9659090909090908,0.9659090909090908,0.8598130841121496,0.8844519966015294,0.8897058823529411,0.5170454545454546,0.586207,1,2,0.773595,0.0003,9,2
0.9411764705882353,0.9591619318181819,0.9591619318181819,0.9166666666666666,0.9356060606060606,0.9411764705882353,0.7424242424242424,0.5,2,2,0.918688,0.0003,9,2
0.9411764705882353,0.959753787878788,0.959753787878788,0.9166666666666666,0.9356060606060606,0.9411764705882353,0.7424242424242424,0.5,3,2,0.970683,0.0003,9,2
0.35294117647058826,0.9604640151515152,0.9604640151515152,0.5217391304347826,0.2608695652173913,0.35294117647058826,-1.833333333333333,0.0,4,2,0.9913770000000001,0.0003,9,2
0.9124087591240876,0.9652387640449437,0.9652387640449437,0.8823529411764706,0.9062927496580027,0.9124087591240876,0.6151685393258427,0.514286,1,3,0.768606,0.0003,9,2
0.9635036496350365,0.9729634831460674,0.9729634831460674,0.9484536082474228,0.9601025103384007,0.9635036496350365,0.8396535580524345,0.6,2,3,0.894806,0.0003,9,2
0.9635036496350365,0.9665262172284644,0.9665262172284644,0.9473684210526315,0.9597177300793883,0.9635036496350365,0.8396535580524345,0.5,3,3,0.9709840000000001,0.0003,9,2
0.9343065693430657,0.9565777153558052,0.9565777153558052,0.9010989010989011,0.9259592866150244,0.9343065693430657,0.711376404494382,1.0,4,3,0.9934370000000001,0.0003,9,2
0.9191176470588235,0.9703562036815683,0.9703562036815683,0.8932038834951456,0.9140575630493479,0.9191176470588235,0.6423619411905331,0.4375,1,0,0.7735029999999999,0.0001,9,2
0.9044117647058824,0.9633038489122638,0.9633038489122638,0.8602150537634409,0.8937946777197092,0.9044117647058824,0.5773368395888119,0.6,2,0,0.919776,0.0001,9,2
0.9411764705882353,0.9599569686827636,0.9599569686827636,0.9183673469387754,0.9361951677222613,0.9411764705882353,0.739899593593115,0.333333,3,0,0.9877870000000001,0.0001,9,2
0.34558823529411764,0.9599569686827636,0.9599569686827636,0.5136612021857923,0.2568306010928961,0.34558823529411764,-1.893617021276596,0.0,4,0,0.9998290000000001,0.0001,9,2
0.9124087591240876,0.9566436583261432,0.9566436583261432,0.9062499999999999,0.912029109589041,0.9124087591240876,0.6453839516824849,0.40625,1,1,0.779262,0.0001,9,2
0.8905109489051095,0.9407894736842105,0.9407894736842105,0.8739495798319327,0.8885876931417728,0.8905109489051094,0.5567299396031062,0.666667,2,1,0.9234100000000001,0.0001,9,2
0.927007299270073,0.9301121656600517,0.9301121656600517,0.9193548387096775,0.9263440860215053,0.927007299270073,0.7044866264020708,0.5,3,1,0.972223,0.0001,9,2
0.927007299270073,0.9307592752372734,0.9307592752372734,0.9193548387096775,0.9263440860215053,0.927007299270073,0.7044866264020708,0.5,4,1,0.9937280000000001,0.0001,9,2
0.8759124087591241,0.9307592752372734,0.9307592752372734,0.8547008547008548,0.8732102999618924,0.8759124087591241,0.4976272648835204,1.0,5,1,0.9991040000000001,0.0001,9,2
0.8897058823529411,0.9659090909090908,0.9659090909090908,0.8598130841121496,0.8844519966015294,0.8897058823529411,0.5170454545454546,0.586207,1,2,0.773595,0.0001,9,2
0.9411764705882353,0.9591619318181819,0.9591619318181819,0.9166666666666666,0.9356060606060606,0.9411764705882353,0.7424242424242424,0.5,2,2,0.918688,0.0001,9,2
0.9411764705882353,0.959753787878788,0.959753787878788,0.9166666666666666,0.9356060606060606,0.9411764705882353,0.7424242424242424,0.5,3,2,0.970683,0.0001,9,2
0.35294117647058826,0.9604640151515152,0.9604640151515152,0.5217391304347826,0.2608695652173913,0.35294117647058826,-1.833333333333333,0.0,4,2,0.9913770000000001,0.0001,9,2
0.9124087591240876,0.9652387640449437,0.9652387640449437,0.8823529411764706,0.9062927496580027,0.9124087591240876,0.6151685393258427,0.514286,1,3,0.768835,0.0001,9,2
0.9635036496350365,0.9746020599250935,0.9746020599250935,0.9484536082474228,0.9601025103384007,0.9635036496350365,0.8396535580524345,0.5,2,3,0.9115049999999999,0.0001,9,2
0.9562043795620438,0.9565777153558052,0.9565777153558052,0.9361702127659574,0.951418439716312,0.9562043795620438,0.8075842696629214,0.5,3,3,0.9879100000000001,0.0001,9,2
0.9416058394160584,0.9568117977528089,0.9568117977528089,0.9130434782608695,0.9345437171524127,0.9416058394160584,0.7434456928838951,1.0,4,3,1.0,0.0001,9,2
0.9191176470588235,0.9703562036815683,0.9703562036815683,0.8932038834951456,0.9140575630493479,0.9191176470588235,0.6423619411905331,0.4375,1,0,0.7735029999999999,3e-05,9,2
0.9044117647058824,0.9633038489122638,0.9633038489122638,0.8602150537634409,0.8937946777197092,0.9044117647058824,0.5773368395888119,0.6,2,0,0.919776,3e-05,9,2
0.9411764705882353,0.9599569686827636,0.9599569686827636,0.9183673469387754,0.9361951677222613,0.9411764705882353,0.739899593593115,0.333333,3,0,0.9877870000000001,3e-05,9,2
0.34558823529411764,0.9599569686827636,0.9599569686827636,0.5136612021857923,0.2568306010928961,0.34558823529411764,-1.893617021276596,0.0,4,0,0.9998290000000001,3e-05,9,2
0.9124087591240876,0.9566436583261432,0.9566436583261432,0.9062499999999999,0.912029109589041,0.9124087591240876,0.6453839516824849,0.40625,1,1,0.779262,3e-05,9,2
0.8905109489051095,0.9407894736842105,0.9407894736842105,0.8739495798319327,0.8885876931417728,0.8905109489051094,0.5567299396031062,0.666667,2,1,0.9234100000000001,3e-05,9,2
0.927007299270073,0.9301121656600517,0.9301121656600517,0.9193548387096775,0.9263440860215053,0.927007299270073,0.7044866264020708,0.5,3,1,0.972223,3e-05,9,2
0.927007299270073,0.9307592752372734,0.9307592752372734,0.9193548387096775,0.9263440860215053,0.927007299270073,0.7044866264020708,0.5,4,1,0.9937280000000001,3e-05,9,2
0.8759124087591241,0.9307592752372734,0.9307592752372734,0.8547008547008548,0.8732102999618924,0.8759124087591241,0.4976272648835204,1.0,5,1,0.9991040000000001,3e-05,9,2
0.8897058823529411,0.9668560606060606,0.9668560606060606,0.8598130841121496,0.8844519966015294,0.8897058823529411,0.5170454545454546,0.586207,1,2,0.7736609999999999,3e-05,9,2
0.9485294117647058,0.9702888257575759,0.9702888257575759,0.9278350515463918,0.9439175257731959,0.9485294117647058,0.7746212121212122,0.5,2,2,0.9211879999999999,3e-05,9,2
0.9485294117647058,0.9704071969696971,0.9704071969696971,0.9278350515463918,0.9439175257731959,0.9485294117647058,0.7746212121212122,0.5,3,2,0.969303,3e-05,9,2
0.35294117647058826,0.9609375000000001,0.9609375000000001,0.5217391304347826,0.2608695652173913,0.35294117647058826,-1.833333333333333,0.0,4,2,0.9917219999999999,3e-05,9,2
0.9124087591240876,0.9652387640449437,0.9652387640449437,0.8823529411764706,0.9062927496580027,0.9124087591240876,0.6151685393258427,0.514286,1,3,0.768835,3e-05,9,2
0.9635036496350365,0.9746020599250935,0.9746020599250935,0.9484536082474228,0.9601025103384007,0.9635036496350365,0.8396535580524345,0.5,2,3,0.9115049999999999,3e-05,9,2
0.9562043795620438,0.9565777153558052,0.9565777153558052,0.9361702127659574,0.951418439716312,0.9562043795620438,0.8075842696629214,0.5,3,3,0.9879100000000001,3e-05,9,2
0.9416058394160584,0.9568117977528089,0.9568117977528089,0.9130434782608695,0.9345437171524127,0.9416058394160584,0.7434456928838951,1.0,4,3,1.0,3e-05,9,2
0.9191176470588235,0.9703562036815683,0.9703562036815683,0.8932038834951456,0.9140575630493479,0.9191176470588235,0.6423619411905331,0.4375,1,0,0.7735029999999999,1e-05,9,2
0.9044117647058824,0.9633038489122638,0.9633038489122638,0.8602150537634409,0.8937946777197092,0.9044117647058824,0.5773368395888119,0.6,2,0,0.919776,1e-05,9,2
0.9411764705882353,0.9599569686827636,0.9599569686827636,0.9183673469387754,0.9361951677222613,0.9411764705882353,0.739899593593115,0.333333,3,0,0.9877870000000001,1e-05,9,2
0.34558823529411764,0.9599569686827636,0.9599569686827636,0.5136612021857923,0.2568306010928961,0.34558823529411764,-1.893617021276596,0.0,4,0,0.9998290000000001,1e-05,9,2
0.9124087591240876,0.9566436583261432,0.9566436583261432,0.9062499999999999,0.912029109589041,0.9124087591240876,0.6453839516824849,0.40625,1,1,0.779262,1e-05,9,2
0.8905109489051095,0.9407894736842105,0.9407894736842105,0.8739495798319327,0.8885876931417728,0.8905109489051094,0.5567299396031062,0.666667,2,1,0.9234100000000001,1e-05,9,2
0.927007299270073,0.9301121656600517,0.9301121656600517,0.9193548387096775,0.9263440860215053,0.927007299270073,0.7044866264020708,0.5,3,1,0.972223,1e-05,9,2
0.927007299270073,0.9307592752372734,0.9307592752372734,0.9193548387096775,0.9263440860215053,0.927007299270073,0.7044866264020708,0.5,4,1,0.9937280000000001,1e-05,9,2
0.8759124087591241,0.9307592752372734,0.9307592752372734,0.8547008547008548,0.8732102999618924,0.8759124087591241,0.4976272648835204,1.0,5,1,0.9991040000000001,1e-05,9,2
0.8897058823529411,0.9673295454545454,0.9673295454545454,0.8598130841121496,0.8844519966015294,0.8897058823529411,0.5170454545454546,0.586207,1,2,0.7736810000000001,1e-05,9,2
0.9485294117647058,0.9701704545454547,0.9701704545454547,0.9278350515463918,0.9439175257731959,0.9485294117647058,0.7746212121212122,0.5,2,2,0.92343,1e-05,9,2
0.9485294117647058,0.9608191287878789,0.9608191287878789,0.9263157894736843,0.9433838834374071,0.9485294117647058,0.7746212121212122,0.5,3,2,0.9775809999999999,1e-05,9,2
0.35294117647058826,0.9614109848484849,0.9614109848484849,0.5217391304347826,0.2608695652173913,0.35294117647058826,-1.833333333333333,0.0,4,2,0.993102,1e-05,9,2
0.9124087591240876,0.9652387640449437,0.9652387640449437,0.8823529411764706,0.9062927496580027,0.9124087591240876,0.6151685393258427,0.514286,1,3,0.768857,1e-05,9,2
0.9635036496350365,0.9747191011235954,0.9747191011235954,0.9484536082474228,0.9601025103384007,0.9635036496350365,0.8396535580524345,0.5,2,3,0.908692,1e-05,9,2
0.9562043795620438,0.9565777153558052,0.9565777153558052,0.9361702127659574,0.951418439716312,0.9562043795620438,0.8075842696629214,0.5,3,3,0.9896370000000001,1e-05,9,2
0.9416058394160584,0.9568117977528089,0.9568117977528089,0.9130434782608695,0.9345437171524127,0.9416058394160584,0.7434456928838951,1.0,4,3,1.0,1e-05,9,2
0.8897058823529411,0.9559889972493123,0.9559889972493123,0.8484848484848485,0.8808898230863549,0.8897058823529411,0.48987246811702934,0.5,1,0,0.787812,0.003,9,3
0.9485294117647058,0.9711177794448612,0.9711177794448612,0.923076923076923,0.9422014449638758,0.9485294117647058,0.7619404851212803,0.666667,2,0,0.925901,0.003,9,3
0.9558823529411765,0.9714928732183046,0.9714928732183046,0.9333333333333332,0.9501831501831501,0.9558823529411765,0.7959489872468117,0.666667,3,0,0.9863639999999999,0.003,9,3
0.3161764705882353,0.9714928732183046,0.9714928732183046,0.48044692737430167,0.24022346368715083,0.3161764705882353,-2.1627906976744184,0.0,4,0,1.0,0.003,9,3
0.927007299270073,0.9799773755656109,0.9799773755656109,0.9090909090909091,0.9240576496674058,0.927007299270073,0.6900452488687783,0.470588,1,1,0.75248,0.003,9,3
0.9708029197080292,0.9871040723981901,0.9871040723981901,0.9615384615384616,0.9690045248868778,0.9708029197080292,0.8760180995475113,0.666667,2,1,0.8698469999999999,0.003,9,3
0.9708029197080292,0.9700226244343891,0.9700226244343891,0.9607843137254902,0.968764249886001,0.9708029197080292,0.8760180995475113,0.5,3,1,0.9607379999999999,0.003,9,3
0.9708029197080292,0.9701357466063348,0.9701357466063348,0.9607843137254902,0.968764249886001,0.9708029197080292,0.8760180995475113,0.5,4,1,0.991275,0.003,9,3
0.9416058394160584,0.9703619909502262,0.9703619909502262,0.9166666666666666,0.9358614232209737,0.9416058394160584,0.7520361990950226,1.0,5,1,0.99651,0.003,9,3
0.9338235294117647,0.9792368125701458,0.9792368125701458,0.9217391304347826,0.9322071448352257,0.9338235294117647,0.7252525252525253,0.441176,1,2,0.755081,0.003,9,3
0.9264705882352942,0.9535353535353535,0.9535353535353535,0.9056603773584905,0.9227097067515344,0.9264705882352942,0.6947250280583614,0.666667,2,2,0.885331,0.003,9,3
0.9338235294117647,0.941638608305275,0.941638608305275,0.9158878504672897,0.9306711979609176,0.9338235294117647,0.7252525252525253,0.5,3,2,0.9579340000000001,0.003,9,3
0.40441176470588236,0.9331088664421998,0.9331088664421998,0.5759162303664922,0.2879581151832461,0.4044117647058824,-1.4727272727272727,0.0,4,2,0.975506,0.003,9,3
0.9197080291970803,0.9460062472110666,0.9460062472110666,0.9009009009009009,0.9167081191621068,0.9197080291970803,0.6637661758143686,0.461538,1,3,0.771173,0.003,9,3
0.9343065693430657,0.9755689424364123,0.9755689424364123,0.9158878504672898,0.9309978174492137,0.9343065693430657,0.7248995983935743,0.75,2,3,0.888267,0.003,9,3
0.9343065693430657,0.9385319053993753,0.9385319053993753,0.9158878504672898,0.9309978174492137,0.9343065693430657,0.7248995983935743,0.5,3,3,0.951967,0.003,9,3
0.927007299270073,0.930834448906738,0.930834448906738,0.9019607843137256,0.9219106247150024,0.927007299270073,0.6943328871039715,1.0,4,3,0.9817959999999999,0.003,9,3
0.8897058823529411,0.9537384346086522,0.9537384346086522,0.8484848484848485,0.8808898230863549,0.8897058823529411,0.48987246811702934,0.5,1,0,0.7903560000000001,0.001,9,3
0.9338235294117647,0.9751187796949238,0.9751187796949238,0.9032258064516129,0.9264732384213371,0.9338235294117647,0.6939234808702175,0.5,2,0,0.9360799999999999,0.001,9,3
0.9485294117647058,0.9714928732183046,0.9714928732183046,0.923076923076923,0.9422014449638758,0.9485294117647058,0.7619404851212803,0.5,3,0,0.9897729999999999,0.001,9,3
0.3161764705882353,0.9714928732183046,0.9714928732183046,0.48044692737430167,0.24022346368715083,0.3161764705882353,-2.1627906976744184,0.0,4,0,1.0,0.001,9,3
0.927007299270073,0.9794117647058824,0.9794117647058824,0.9090909090909091,0.9240576496674058,0.927007299270073,0.6900452488687783,0.470588,1,1,0.7539140000000001,0.001,9,3
0.9635036496350365,0.9813348416289592,0.9813348416289592,0.9514563106796117,0.9611082722988702,0.9635036496350365,0.8450226244343891,0.555556,2,1,0.875498,0.001,9,3
0.9781021897810219,0.9834841628959275,0.9834841628959275,0.970873786407767,0.9766649633793221,0.9781021897810219,0.9070135746606335,0.666667,3,1,0.959786,0.001,9,3
0.9635036496350365,0.9835972850678733,0.9835972850678733,0.9504950495049506,0.9607966577004521,0.9635036496350365,0.8450226244343891,1.0,4,1,0.978981,0.001,9,3
0.9338235294117647,0.9792368125701458,0.9792368125701458,0.9217391304347826,0.9322071448352257,0.9338235294117647,0.7252525252525253,0.441176,1,2,0.755081,0.001,9,3
0.9264705882352942,0.9535353535353535,0.9535353535353535,0.9056603773584905,0.9227097067515344,0.9264705882352942,0.6947250280583614,0.666667,2,2,0.885331,0.001,9,3
0.9338235294117647,0.941638608305275,0.941638608305275,0.9158878504672897,0.9306711979609176,0.9338235294117647,0.7252525252525253,0.5,3,2,0.9579340000000001,0.001,9,3
0.40441176470588236,0.9331088664421998,0.9331088664421998,0.5759162303664922,0.2879581151832461,0.4044117647058824,-1.4727272727272727,0.0,4,2,0.975506,0.001,9,3
0.9197080291970803,0.9673136992414101,0.9673136992414101,0.9009009009009009,0.9167081191621068,0.9197080291970803,0.6637661758143686,0.461538,1,3,0.77474,0.001,9,3
0.9343065693430657,0.9724453369031683,0.9724453369031683,0.9158878504672898,0.9309978174492137,0.9343065693430657,0.7248995983935743,0.666667,2,3,0.8954489999999999,0.001,9,3
0.9051094890510949,0.9186746987951806,0.9186746987951806,0.8712871287128713,0.8980713100211755,0.9051094890510949,0.6026327532351629,0.666667,3,3,0.9580129999999999,0.001,9,3
0.9124087591240876,0.9210174029451137,0.9210174029451137,0.8800000000000001,0.9055172413793104,0.9124087591240876,0.6331994645247657,1.0,4,3,0.9825780000000001,0.001,9,3
0.8897058823529411,0.9537384346086522,0.9537384346086522,0.8484848484848485,0.8808898230863549,0.8897058823529411,0.48987246811702934,0.5,1,0,0.7903560000000001,0.0003,9,3
0.9338235294117647,0.9751187796949238,0.9751187796949238,0.9032258064516129,0.9264732384213371,0.9338235294117647,0.6939234808702175,0.5,2,0,0.9360799999999999,0.0003,9,3
0.9485294117647058,0.9714928732183046,0.9714928732183046,0.923076923076923,0.9422014449638758,0.9485294117647058,0.7619404851212803,0.5,3,0,0.9897729999999999,0.0003,9,3
0.3161764705882353,0.9714928732183046,0.9714928732183046,0.48044692737430167,0.24022346368715083,0.3161764705882353,-2.1627906976744184,0.0,4,0,1.0,0.0003,9,3
0.927007299270073,0.9794117647058824,0.9794117647058824,0.9090909090909091,0.9240576496674058,0.927007299270073,0.6900452488687783,0.470588,1,1,0.754768,0.0003,9,3
0.9635036496350365,0.9717194570135747,0.9717194570135747,0.9514563106796117,0.9611082722988702,0.9635036496350365,0.8450226244343891,0.555556,2,1,0.887713,0.0003,9,3
0.9708029197080292,0.9736425339366517,0.9736425339366517,0.9615384615384616,0.9690045248868778,0.9708029197080292,0.8760180995475113,0.5,3,1,0.9668450000000001,0.0003,9,3
0.9635036496350365,0.9737556561085974,0.9737556561085974,0.9504950495049506,0.9607966577004521,0.9635036496350365,0.8450226244343891,1.0,4,1,0.994765,0.0003,9,3
0.9338235294117647,0.9781144781144782,0.9781144781144782,0.9217391304347826,0.9322071448352257,0.9338235294117647,0.7252525252525253,0.441176,1,2,0.756211,0.0003,9,3
0.9338235294117647,0.9510662177328844,0.9510662177328844,0.9158878504672897,0.9306711979609176,0.9338235294117647,0.7252525252525253,0.666667,2,2,0.888442,0.0003,9,3
0.9411764705882353,0.9415263748597082,0.9415263748597082,0.9259259259259259,0.938572719060524,0.9411764705882353,0.7557800224466891,0.5,3,2,0.9595959999999999,0.0003,9,3
0.40441176470588236,0.932996632996633,0.932996632996633,0.5759162303664922,0.2879581151832461,0.4044117647058824,-1.4727272727272727,0.0,4,2,0.97541,0.0003,9,3
0.9197080291970803,0.965751896474788,0.965751896474788,0.9009009009009009,0.9167081191621068,0.9197080291970803,0.6637661758143686,0.461538,1,3,0.775311,0.0003,9,3
0.8978102189781022,0.9566041945560018,0.9566041945560018,0.8653846153846153,0.8915158371040723,0.8978102189781021,0.57206604194556,0.6,2,3,0.908042,0.0003,9,3
0.9197080291970803,0.93239625167336,0.93239625167336,0.8932038834951458,0.9144381990575143,0.9197080291970803,0.6637661758143686,0.666667,3,3,0.977449,0.0003,9,3
0.9051094890510949,0.9339580544399821,0.9339580544399821,0.8712871287128713,0.8980713100211755,0.9051094890510949,0.6026327532351629,1.0,4,3,0.9897309999999999,0.0003,9,3
0.8897058823529411,0.9537384346086522,0.9537384346086522,0.8484848484848485,0.8808898230863549,0.8897058823529411,0.48987246811702934,0.5,1,0,0.7903560000000001,0.0001,9,3
0.9338235294117647,0.9751187796949238,0.9751187796949238,0.9032258064516129,0.9264732384213371,0.9338235294117647,0.6939234808702175,0.5,2,0,0.9360799999999999,0.0001,9,3
0.9485294117647058,0.9714928732183046,0.9714928732183046,0.923076923076923,0.9422014449638758,0.9485294117647058,0.7619404851212803,0.5,3,0,0.9897729999999999,0.0001,9,3
0.3161764705882353,0.9714928732183046,0.9714928732183046,0.48044692737430167,0.24022346368715083,0.3161764705882353,-2.1627906976744184,0.0,4,0,1.0,0.0001,9,3
0.927007299270073,0.9794117647058824,0.9794117647058824,0.9090909090909091,0.9240576496674058,0.927007299270073,0.6900452488687783,0.470588,1,1,0.754768,0.0001,9,3
0.9635036496350365,0.9717194570135747,0.9717194570135747,0.9514563106796117,0.9611082722988702,0.9635036496350365,0.8450226244343891,0.555556,2,1,0.887713,0.0001,9,3
0.9708029197080292,0.9736425339366517,0.9736425339366517,0.9615384615384616,0.9690045248868778,0.9708029197080292,0.8760180995475113,0.5,3,1,0.9668450000000001,0.0001,9,3
0.9635036496350365,0.9737556561085974,0.9737556561085974,0.9504950495049506,0.9607966577004521,0.9635036496350365,0.8450226244343891,1.0,4,1,0.994765,0.0001,9,3
0.9338235294117647,0.9781144781144782,0.9781144781144782,0.9217391304347826,0.9322071448352257,0.9338235294117647,0.7252525252525253,0.441176,1,2,0.756211,0.0001,9,3
0.9338235294117647,0.9510662177328844,0.9510662177328844,0.9158878504672897,0.9306711979609176,0.9338235294117647,0.7252525252525253,0.666667,2,2,0.888442,0.0001,9,3
0.9411764705882353,0.9415263748597082,0.9415263748597082,0.9259259259259259,0.938572719060524,0.9411764705882353,0.7557800224466891,0.5,3,2,0.9595959999999999,0.0001,9,3
0.40441176470588236,0.932996632996633,0.932996632996633,0.5759162303664922,0.2879581151832461,0.4044117647058824,-1.4727272727272727,0.0,4,2,0.97541,0.0001,9,3
0.9197080291970803,0.965751896474788,0.965751896474788,0.9009009009009009,0.9167081191621068,0.9197080291970803,0.6637661758143686,0.461538,1,3,0.775311,0.0001,9,3
0.8978102189781022,0.9566041945560018,0.9566041945560018,0.8653846153846153,0.8915158371040723,0.8978102189781021,0.57206604194556,0.6,2,3,0.908042,0.0001,9,3
0.9197080291970803,0.93239625167336,0.93239625167336,0.8932038834951458,0.9144381990575143,0.9197080291970803,0.6637661758143686,0.666667,3,3,0.977449,0.0001,9,3
0.9051094890510949,0.9339580544399821,0.9339580544399821,0.8712871287128713,0.8980713100211755,0.9051094890510949,0.6026327532351629,1.0,4,3,0.9897309999999999,0.0001,9,3
0.8897058823529411,0.9537384346086522,0.9537384346086522,0.8484848484848485,0.8808898230863549,0.8897058823529411,0.48987246811702934,0.5,1,0,0.7903560000000001,3e-05,9,3
0.9338235294117647,0.9751187796949238,0.9751187796949238,0.9032258064516129,0.9264732384213371,0.9338235294117647,0.6939234808702175,0.5,2,0,0.9360799999999999,3e-05,9,3
0.9485294117647058,0.9714928732183046,0.9714928732183046,0.923076923076923,0.9422014449638758,0.9485294117647058,0.7619404851212803,0.5,3,0,0.9897729999999999,3e-05,9,3
0.3161764705882353,0.9714928732183046,0.9714928732183046,0.48044692737430167,0.24022346368715083,0.3161764705882353,-2.1627906976744184,0.0,4,0,1.0,3e-05,9,3
0.927007299270073,0.9794117647058824,0.9794117647058824,0.9090909090909091,0.9240576496674058,0.927007299270073,0.6900452488687783,0.470588,1,1,0.754768,3e-05,9,3
0.9635036496350365,0.9717194570135747,0.9717194570135747,0.9514563106796117,0.9611082722988702,0.9635036496350365,0.8450226244343891,0.555556,2,1,0.887713,3e-05,9,3
0.9708029197080292,0.9736425339366517,0.9736425339366517,0.9615384615384616,0.9690045248868778,0.9708029197080292,0.8760180995475113,0.5,3,1,0.9668450000000001,3e-05,9,3
0.9635036496350365,0.9737556561085974,0.9737556561085974,0.9504950495049506,0.9607966577004521,0.9635036496350365,0.8450226244343891,1.0,4,1,0.994765,3e-05,9,3
0.9338235294117647,0.9781144781144782,0.9781144781144782,0.9217391304347826,0.9322071448352257,0.9338235294117647,0.7252525252525253,0.441176,1,2,0.756283,3e-05,9,3
0.9485294117647058,0.9510662177328844,0.9510662177328844,0.9357798165137615,0.9464175156188439,0.9485294117647058,0.786307519640853,0.5,2,2,0.896877,3e-05,9,3
0.9411764705882353,0.9415263748597082,0.9415263748597082,0.9259259259259259,0.938572719060524,0.9411764705882353,0.7557800224466891,0.5,3,2,0.964867,3e-05,9,3
0.40441176470588236,0.932996632996633,0.932996632996633,0.5759162303664922,0.2879581151832461,0.4044117647058824,-1.4727272727272727,0.0,4,2,0.97541,3e-05,9,3
0.9197080291970803,0.964190093708166,0.964190093708166,0.9009009009009009,0.9167081191621068,0.9197080291970803,0.6637661758143686,0.461538,1,3,0.775347,3e-05,9,3
0.9051094890510949,0.9578313253012047,0.9578313253012047,0.8737864077669903,0.8988815079770625,0.9051094890510949,0.6026327532351629,0.6,2,3,0.907668,3e-05,9,3
0.9343065693430657,0.9473449352967426,0.9473449352967426,0.912621359223301,0.9299948901379662,0.9343065693430657,0.7248995983935743,0.666667,3,3,0.9753209999999999,3e-05,9,3
0.9197080291970803,0.9486836233824186,0.9486836233824186,0.8910891089108911,0.9137526469409947,0.9197080291970803,0.6637661758143686,1.0,4,3,0.9876030000000001,3e-05,9,3
0.8897058823529411,0.9537384346086522,0.9537384346086522,0.8484848484848485,0.8808898230863549,0.8897058823529411,0.48987246811702934,0.5,1,0,0.7903560000000001,1e-05,9,3
0.9338235294117647,0.9751187796949238,0.9751187796949238,0.9032258064516129,0.9264732384213371,0.9338235294117647,0.6939234808702175,0.5,2,0,0.9360799999999999,1e-05,9,3
0.9485294117647058,0.9714928732183046,0.9714928732183046,0.923076923076923,0.9422014449638758,0.9485294117647058,0.7619404851212803,0.5,3,0,0.9897729999999999,1e-05,9,3
0.3161764705882353,0.9714928732183046,0.9714928732183046,0.48044692737430167,0.24022346368715083,0.3161764705882353,-2.1627906976744184,0.0,4,0,1.0,1e-05,9,3
0.927007299270073,0.9794117647058824,0.9794117647058824,0.9090909090909091,0.9240576496674058,0.927007299270073,0.6900452488687783,0.470588,1,1,0.754768,1e-05,9,3
0.9635036496350365,0.9717194570135747,0.9717194570135747,0.9514563106796117,0.9611082722988702,0.9635036496350365,0.8450226244343891,0.555556,2,1,0.887713,1e-05,9,3
0.9708029197080292,0.9736425339366517,0.9736425339366517,0.9615384615384616,0.9690045248868778,0.9708029197080292,0.8760180995475113,0.5,3,1,0.9668450000000001,1e-05,9,3
0.9635036496350365,0.9737556561085974,0.9737556561085974,0.9504950495049506,0.9607966577004521,0.9635036496350365,0.8450226244343891,1.0,4,1,0.994765,1e-05,9,3
0.9338235294117647,0.9781144781144782,0.9781144781144782,0.9217391304347826,0.9322071448352257,0.9338235294117647,0.7252525252525253,0.441176,1,2,0.756283,1e-05,9,3
0.9485294117647058,0.9510662177328844,0.9510662177328844,0.9357798165137615,0.9464175156188439,0.9485294117647058,0.786307519640853,0.5,2,2,0.896877,1e-05,9,3
0.9411764705882353,0.9415263748597082,0.9415263748597082,0.9259259259259259,0.938572719060524,0.9411764705882353,0.7557800224466891,0.5,3,2,0.964867,1e-05,9,3
0.40441176470588236,0.932996632996633,0.932996632996633,0.5759162303664922,0.2879581151832461,0.4044117647058824,-1.4727272727272727,0.0,4,2,0.97541,1e-05,9,3
0.9197080291970803,0.964190093708166,0.964190093708166,0.9009009009009009,0.9167081191621068,0.9197080291970803,0.6637661758143686,0.461538,1,3,0.775347,1e-05,9,3
0.9051094890510949,0.9578313253012047,0.9578313253012047,0.8737864077669903,0.8988815079770625,0.9051094890510949,0.6026327532351629,0.6,2,3,0.907668,1e-05,9,3
0.9343065693430657,0.9473449352967426,0.9473449352967426,0.912621359223301,0.9299948901379662,0.9343065693430657,0.7248995983935743,0.666667,3,3,0.9753209999999999,1e-05,9,3
0.9197080291970803,0.9486836233824186,0.9486836233824186,0.8910891089108911,0.9137526469409947,0.9197080291970803,0.6637661758143686,1.0,4,3,0.9876030000000001,1e-05,9,3
0.8978102189781022,0.9543717152412804,0.9543717152412804,0.8541666666666666,0.8877574906367041,0.8978102189781021,0.5418060200668895,0.485714,1,0,0.783189,0.003,9,4
0.9051094890510949,0.9163879598662208,0.9163879598662208,0.8602150537634409,0.8941959246717757,0.9051094890510949,0.5745341614906831,0.5,2,0,0.891552,0.003,9,4
0.9124087591240876,0.9157907310081224,0.9157907310081224,0.8666666666666666,0.9007246376811594,0.9124087591240876,0.6072623029144768,0.666667,3,0,0.944581,0.003,9,4
0.9197080291970803,0.9163879598662208,0.9163879598662208,0.8791208791208792,0.9095057947516965,0.9197080291970803,0.6399904443382705,0.5,4,0,0.9711420000000001,0.003,9,4
0.9124087591240876,0.9163879598662208,0.9163879598662208,0.8666666666666666,0.9007246376811594,0.9124087591240876,0.6072623029144768,1.0,5,0,0.983137,0.003,9,4
0.9197080291970803,0.9694013303769402,0.9694013303769402,0.905982905982906,0.9179596058576951,0.9197080291970803,0.6658536585365854,0.485714,1,1,0.76094,0.003,9,4
0.948905109489051,0.9700665188470067,0.9700665188470067,0.9357798165137615,0.9466777870447596,0.948905109489051,0.7873614190687361,0.666667,2,1,0.9036040000000001,0.003,9,4
0.9343065693430657,0.9484478935698447,0.9484478935698447,0.9174311926605504,0.9314428690575479,0.9343065693430657,0.7266075388026607,0.666667,3,1,0.9640040000000001,0.003,9,4
0.927007299270073,0.9414634146341463,0.9414634146341463,0.9074074074074073,0.9235832217759927,0.927007299270073,0.6962305986696231,0.5,4,1,0.99436,0.003,9,4
0.9051094890510949,0.9420177383592018,0.9420177383592018,0.8737864077669902,0.8988815079770623,0.9051094890510949,0.60509977827051,1.0,5,1,0.999624,0.003,9,4
0.9124087591240876,0.9749536178107607,0.9749536178107607,0.8846153846153846,0.9070135746606335,0.9124087591240876,0.6187384044526901,0.470588,1,2,0.7668729999999999,0.003,9,4
0.9635036496350365,0.9656771799628943,0.9656771799628943,0.9494949494949495,0.9604617604617605,0.9635036496350365,0.8411410018552876,0.666667,2,2,0.8912180000000001,0.003,9,4
0.9416058394160584,0.9481679035250463,0.9481679035250463,0.9215686274509803,0.9375284997720018,0.9416058394160584,0.7458256029684601,0.5,3,2,0.9658190000000001,0.003,9,4
0.9416058394160584,0.948399814471243,0.948399814471243,0.9215686274509803,0.9375284997720018,0.9416058394160584,0.7458256029684601,0.5,4,2,0.994821,0.003,9,4
0.35766423357664234,0.948399814471243,0.948399814471243,0.5268817204301076,0.2634408602150538,0.35766423357664234,-1.795918367346939,0.0,5,2,1.0,0.003,9,4
0.8832116788321168,0.9489067380633646,0.9489067380633646,0.8644067796610169,0.8809213385484571,0.8832116788321168,0.5109326193663544,0.644068,1,3,0.7796,0.003,9,4
0.9416058394160584,0.9605087014725568,0.9605087014725568,0.9259259259259259,0.9388665774207943,0.9416058394160584,0.7554663096831772,0.6,2,3,0.8919739999999999,0.003,9,4
0.948905109489051,0.966532797858099,0.966532797858099,0.9357798165137615,0.9466777870447596,0.948905109489051,0.7860330209727799,0.666667,3,3,0.9793540000000001,0.003,9,4
0.39416058394160586,0.9618473895582329,0.9618473895582329,0.5654450261780105,0.28272251308900526,0.3941605839416059,-1.5370370370370372,0.0,4,3,1.0,0.003,9,4
0.8978102189781022,0.9536550406115623,0.9536550406115623,0.8541666666666666,0.8877574906367041,0.8978102189781021,0.5418060200668895,0.485714,1,0,0.785583,0.001,9,4
0.9051094890510949,0.9163879598662207,0.9163879598662207,0.8602150537634409,0.8941959246717757,0.9051094890510949,0.5745341614906831,0.5,2,0,0.901227,0.001,9,4
0.9197080291970803,0.9267797419971333,0.9267797419971333,0.8791208791208792,0.9095057947516965,0.9197080291970803,0.6399904443382705,0.75,3,0,0.965145,0.001,9,4
0.927007299270073,0.9267797419971333,0.9267797419971333,0.8913043478260869,0.918179646440516,0.927007299270073,0.672718585762064,0.5,4,0,0.981081,0.001,9,4
0.9124087591240876,0.9267797419971333,0.9267797419971333,0.8666666666666666,0.9007246376811594,0.9124087591240876,0.6072623029144768,1.0,5,0,0.9862219999999999,0.001,9,4
0.9197080291970803,0.9694013303769402,0.9694013303769402,0.905982905982906,0.9179596058576951,0.9197080291970803,0.6658536585365854,0.485714,1,1,0.76094,0.001,9,4
0.948905109489051,0.9700665188470067,0.9700665188470067,0.9357798165137615,0.9466777870447596,0.948905109489051,0.7873614190687361,0.666667,2,1,0.9036040000000001,0.001,9,4
0.9343065693430657,0.9484478935698447,0.9484478935698447,0.9174311926605504,0.9314428690575479,0.9343065693430657,0.7266075388026607,0.666667,3,1,0.9640040000000001,0.001,9,4
0.927007299270073,0.9414634146341463,0.9414634146341463,0.9074074074074073,0.9235832217759927,0.927007299270073,0.6962305986696231,0.5,4,1,0.99436,0.001,9,4
0.9051094890510949,0.9420177383592018,0.9420177383592018,0.8737864077669902,0.8988815079770623,0.9051094890510949,0.60509977827051,1.0,5,1,0.999624,0.001,9,4
0.9124087591240876,0.9733302411873841,0.9733302411873841,0.8846153846153846,0.9070135746606335,0.9124087591240876,0.6187384044526901,0.470588,1,2,0.769826,0.001,9,4
0.9562043795620438,0.962082560296846,0.962082560296846,0.9400000000000001,0.9527586206896552,0.9562043795620438,0.809369202226345,0.5,2,2,0.8970379999999999,0.001,9,4
0.948905109489051,0.9535018552875696,0.9535018552875696,0.9306930693069307,0.945115320780633,0.948905109489051,0.7775974025974026,0.5,3,2,0.9715159999999999,0.001,9,4
0.948905109489051,0.9545454545454546,0.9545454545454546,0.9306930693069307,0.945115320780633,0.948905109489051,0.7775974025974026,0.5,4,2,0.993958,0.001,9,4
0.35766423357664234,0.9545454545454546,0.9545454545454546,0.5268817204301076,0.2634408602150538,0.35766423357664234,-1.795918367346939,0.0,5,2,0.999137,0.001,9,4
0.8832116788321168,0.9578313253012049,0.9578313253012049,0.8644067796610169,0.8809213385484571,0.8832116788321168,0.5109326193663544,0.6,1,3,0.781354,0.001,9,4
0.948905109489051,0.9714413208389112,0.9714413208389112,0.9369369369369369,0.9469960758304317,0.948905109489051,0.7860330209727799,0.5,2,3,0.89656,0.001,9,4
0.948905109489051,0.9556001784917447,0.9556001784917447,0.9357798165137615,0.9466777870447596,0.948905109489051,0.7860330209727799,0.5,3,3,0.969118,0.001,9,4
0.39416058394160586,0.9467871485943775,0.9467871485943775,0.5654450261780105,0.28272251308900526,0.3941605839416059,-1.5370370370370372,0.0,4,3,0.9866149999999999,0.001,9,4
0.8978102189781022,0.9536550406115623,0.9536550406115623,0.8541666666666666,0.8877574906367041,0.8978102189781021,0.5418060200668895,0.485714,1,0,0.786295,0.0003,9,4
0.9051094890510949,0.9181796464405161,0.9181796464405161,0.8602150537634409,0.8941959246717757,0.9051094890510949,0.5745341614906831,0.5,2,0,0.9035120000000001,0.0003,9,4
0.9197080291970803,0.9267797419971333,0.9267797419971333,0.8791208791208792,0.9095057947516965,0.9197080291970803,0.6399904443382705,0.75,3,0,0.965659,0.0003,9,4
0.927007299270073,0.9267797419971333,0.9267797419971333,0.8913043478260869,0.918179646440516,0.927007299270073,0.672718585762064,0.5,4,0,0.981081,0.0003,9,4
0.9124087591240876,0.9267797419971333,0.9267797419971333,0.8666666666666666,0.9007246376811594,0.9124087591240876,0.6072623029144768,1.0,5,0,0.9862219999999999,0.0003,9,4
0.9197080291970803,0.9713968957871397,0.9713968957871397,0.905982905982906,0.9179596058576951,0.9197080291970803,0.6658536585365854,0.485714,1,1,0.761881,0.0003,9,4
0.9343065693430657,0.97039911308204,0.97039911308204,0.9158878504672897,0.9309978174492137,0.9343065693430657,0.7266075388026607,0.666667,2,1,0.9004059999999999,0.0003,9,4
0.948905109489051,0.9574279379157428,0.9574279379157428,0.9369369369369368,0.9469960758304317,0.948905109489051,0.7873614190687361,0.5,3,1,0.96839,0.0003,9,4
0.9416058394160584,0.9496674057649667,0.9496674057649667,0.9272727272727272,0.9392461197339246,0.9416058394160584,0.7569844789356984,0.5,4,1,0.99436,0.0003,9,4
0.8905109489051095,0.9496674057649667,0.9496674057649667,0.8514851485148516,0.8823899731013565,0.8905109489051094,0.5443458980044347,1.0,5,1,0.999624,0.0003,9,4
0.9124087591240876,0.9733302411873841,0.9733302411873841,0.8846153846153846,0.9070135746606335,0.9124087591240876,0.6187384044526901,0.470588,1,2,0.769826,0.0003,9,4
0.9562043795620438,0.962082560296846,0.962082560296846,0.9400000000000001,0.9527586206896552,0.9562043795620438,0.809369202226345,0.5,2,2,0.8970379999999999,0.0003,9,4
0.948905109489051,0.9535018552875696,0.9535018552875696,0.9306930693069307,0.945115320780633,0.948905109489051,0.7775974025974026,0.5,3,2,0.9715159999999999,0.0003,9,4
0.948905109489051,0.9545454545454546,0.9545454545454546,0.9306930693069307,0.945115320780633,0.948905109489051,0.7775974025974026,0.5,4,2,0.993958,0.0003,9,4
0.35766423357664234,0.9545454545454546,0.9545454545454546,0.5268817204301076,0.2634408602150538,0.35766423357664234,-1.795918367346939,0.0,5,2,0.999137,0.0003,9,4
0.8832116788321168,0.9602855867916109,0.9602855867916109,0.8644067796610169,0.8809213385484571,0.8832116788321168,0.5109326193663544,0.6,1,3,0.782097,0.0003,9,4
0.948905109489051,0.9708835341365463,0.9708835341365463,0.9369369369369369,0.9469960758304317,0.948905109489051,0.7860330209727799,0.5,2,3,0.9001709999999999,0.0003,9,4
0.9416058394160584,0.9544846050870146,0.9544846050870146,0.9272727272727271,0.9392461197339246,0.9416058394160584,0.7554663096831772,0.5,3,3,0.955471,0.0003,9,4
0.39416058394160586,0.9375278893351182,0.9375278893351182,0.5654450261780105,0.28272251308900526,0.3941605839416059,-1.5370370370370372,0.0,4,3,0.9904639999999999,0.0003,9,4
0.8978102189781022,0.9536550406115623,0.9536550406115623,0.8541666666666666,0.8877574906367041,0.8978102189781021,0.5418060200668895,0.485714,1,0,0.786295,0.0001,9,4
0.9051094890510949,0.9181796464405161,0.9181796464405161,0.8602150537634409,0.8941959246717757,0.9051094890510949,0.5745341614906831,0.5,2,0,0.9035120000000001,0.0001,9,4
0.9197080291970803,0.9267797419971333,0.9267797419971333,0.8791208791208792,0.9095057947516965,0.9197080291970803,0.6399904443382705,0.75,3,0,0.965659,0.0001,9,4
0.927007299270073,0.9267797419971333,0.9267797419971333,0.8913043478260869,0.918179646440516,0.927007299270073,0.672718585762064,0.5,4,0,0.981081,0.0001,9,4
0.9124087591240876,0.9267797419971333,0.9267797419971333,0.8666666666666666,0.9007246376811594,0.9124087591240876,0.6072623029144768,1.0,5,0,0.9862219999999999,0.0001,9,4
0.9197080291970803,0.9701773835920178,0.9701773835920178,0.905982905982906,0.9179596058576951,0.9197080291970803,0.6658536585365854,0.485714,1,1,0.762252,0.0001,9,4
0.948905109489051,0.9727272727272728,0.9727272727272728,0.9345794392523366,0.946331635793833,0.948905109489051,0.7873614190687361,0.666667,2,1,0.914858,0.0001,9,4
0.9416058394160584,0.9394678492239468,0.9394678492239468,0.9259259259259259,0.9388665774207943,0.9416058394160584,0.7569844789356984,0.5,3,1,0.968289,0.0001,9,4
0.9416058394160584,0.9401330376940132,0.9401330376940132,0.9259259259259259,0.9388665774207943,0.9416058394160584,0.7569844789356984,0.5,4,1,0.989345,0.0001,9,4
0.9124087591240876,0.9401330376940132,0.9401330376940132,0.8823529411764706,0.9062927496580027,0.9124087591240876,0.6354767184035477,1.0,5,1,0.994609,0.0001,9,4
0.9124087591240876,0.9733302411873841,0.9733302411873841,0.8846153846153846,0.9070135746606335,0.9124087591240876,0.6187384044526901,0.470588,1,2,0.769826,0.0001,9,4
0.948905109489051,0.9616187384044527,0.9616187384044527,0.9292929292929293,0.9446464646464646,0.948905109489051,0.7775974025974026,0.5,2,2,0.8970950000000001,0.0001,9,4
0.9416058394160584,0.9532699443413729,0.9532699443413729,0.92,0.9370114942528736,0.9416058394160584,0.7458256029684601,0.5,3,2,0.9715159999999999,0.0001,9,4
0.9416058394160584,0.9543135435992579,0.9543135435992579,0.92,0.9370114942528736,0.9416058394160584,0.7458256029684601,0.5,4,2,0.993958,0.0001,9,4
0.35766423357664234,0.9543135435992579,0.9543135435992579,0.5268817204301076,0.2634408602150538,0.35766423357664234,-1.795918367346939,0.0,5,2,0.999137,0.0001,9,4
0.8832116788321168,0.9602855867916109,0.9602855867916109,0.8644067796610169,0.8809213385484571,0.8832116788321168,0.5109326193663544,0.6,1,3,0.782097,0.0001,9,4
0.948905109489051,0.9708835341365463,0.9708835341365463,0.9369369369369369,0.9469960758304317,0.948905109489051,0.7860330209727799,0.5,2,3,0.9001709999999999,0.0001,9,4
0.9416058394160584,0.9544846050870146,0.9544846050870146,0.9272727272727271,0.9392461197339246,0.9416058394160584,0.7554663096831772,0.5,3,3,0.955471,0.0001,9,4
0.39416058394160586,0.9375278893351182,0.9375278893351182,0.5654450261780105,0.28272251308900526,0.3941605839416059,-1.5370370370370372,0.0,4,3,0.9904639999999999,0.0001,9,4
0.8978102189781022,0.9536550406115623,0.9536550406115623,0.8541666666666666,0.8877574906367041,0.8978102189781021,0.5418060200668895,0.485714,1,0,0.786367,3e-05,9,4
0.9051094890510949,0.9181796464405161,0.9181796464405161,0.8602150537634409,0.8941959246717757,0.9051094890510949,0.5745341614906831,0.5,2,0,0.904352,3e-05,9,4
0.9197080291970803,0.9267797419971333,0.9267797419971333,0.8791208791208792,0.9095057947516965,0.9197080291970803,0.6399904443382705,0.75,3,0,0.9721700000000001,3e-05,9,4
0.9124087591240876,0.9267797419971333,0.9267797419971333,0.8666666666666666,0.9007246376811594,0.9124087591240876,0.6072623029144768,1.0,4,0,0.985022,3e-05,9,4
0.9197080291970803,0.9701773835920178,0.9701773835920178,0.905982905982906,0.9179596058576951,0.9197080291970803,0.6658536585365854,0.485714,1,1,0.762252,3e-05,9,4
0.948905109489051,0.9727272727272728,0.9727272727272728,0.9345794392523366,0.946331635793833,0.948905109489051,0.7873614190687361,0.666667,2,1,0.914858,3e-05,9,4
0.9416058394160584,0.9394678492239468,0.9394678492239468,0.9259259259259259,0.9388665774207943,0.9416058394160584,0.7569844789356984,0.5,3,1,0.968289,3e-05,9,4
0.9416058394160584,0.9401330376940132,0.9401330376940132,0.9259259259259259,0.9388665774207943,0.9416058394160584,0.7569844789356984,0.5,4,1,0.989345,3e-05,9,4
0.9124087591240876,0.9401330376940132,0.9401330376940132,0.8823529411764706,0.9062927496580027,0.9124087591240876,0.6354767184035477,1.0,5,1,0.994609,3e-05,9,4
0.9124087591240876,0.9733302411873841,0.9733302411873841,0.8846153846153846,0.9070135746606335,0.9124087591240876,0.6187384044526901,0.470588,1,2,0.769826,3e-05,9,4
0.948905109489051,0.9616187384044527,0.9616187384044527,0.9292929292929293,0.9446464646464646,0.948905109489051,0.7775974025974026,0.5,2,2,0.8970950000000001,3e-05,9,4
0.9416058394160584,0.9532699443413729,0.9532699443413729,0.92,0.9370114942528736,0.9416058394160584,0.7458256029684601,0.5,3,2,0.9715159999999999,3e-05,9,4
0.9416058394160584,0.9543135435992579,0.9543135435992579,0.92,0.9370114942528736,0.9416058394160584,0.7458256029684601,0.5,4,2,0.993958,3e-05,9,4
0.35766423357664234,0.9543135435992579,0.9543135435992579,0.5268817204301076,0.2634408602150538,0.35766423357664234,-1.795918367346939,0.0,5,2,0.999137,3e-05,9,4
0.8832116788321168,0.9602855867916109,0.9602855867916109,0.8644067796610169,0.8809213385484571,0.8832116788321168,0.5109326193663544,0.6,1,3,0.782097,3e-05,9,4
0.948905109489051,0.9708835341365463,0.9708835341365463,0.9369369369369369,0.9469960758304317,0.948905109489051,0.7860330209727799,0.5,2,3,0.9001709999999999,3e-05,9,4
0.9416058394160584,0.9544846050870146,0.9544846050870146,0.9272727272727271,0.9392461197339246,0.9416058394160584,0.7554663096831772,0.5,3,3,0.955471,3e-05,9,4
0.39416058394160586,0.9375278893351182,0.9375278893351182,0.5654450261780105,0.28272251308900526,0.3941605839416059,-1.5370370370370372,0.0,4,3,0.9904639999999999,3e-05,9,4
0.8978102189781022,0.9536550406115623,0.9536550406115623,0.8541666666666666,0.8877574906367041,0.8978102189781021,0.5418060200668895,0.485714,1,0,0.786367,1e-05,9,4
0.9051094890510949,0.9181796464405161,0.9181796464405161,0.8602150537634409,0.8941959246717757,0.9051094890510949,0.5745341614906831,0.5,2,0,0.904352,1e-05,9,4
0.9197080291970803,0.9267797419971333,0.9267797419971333,0.8791208791208792,0.9095057947516965,0.9197080291970803,0.6399904443382705,0.75,3,0,0.9721700000000001,1e-05,9,4
0.9124087591240876,0.9267797419971333,0.9267797419971333,0.8666666666666666,0.9007246376811594,0.9124087591240876,0.6072623029144768,1.0,4,0,0.985022,1e-05,9,4
0.9197080291970803,0.9707317073170731,0.9707317073170731,0.905982905982906,0.9179596058576951,0.9197080291970803,0.6658536585365854,0.485714,1,1,0.76227,1e-05,9,4
0.948905109489051,0.9644124168514412,0.9644124168514412,0.9345794392523366,0.946331635793833,0.948905109489051,0.7873614190687361,0.666667,2,1,0.9201219999999999,1e-05,9,4
0.948905109489051,0.9585365853658535,0.9585365853658535,0.9345794392523366,0.946331635793833,0.948905109489051,0.7873614190687361,0.5,3,1,0.982326,1e-05,9,4
0.8978102189781022,0.9585365853658535,0.9585365853658535,0.86,0.8897701149425288,0.8978102189781021,0.5747228381374723,1.0,4,1,0.999873,1e-05,9,4
0.9124087591240876,0.9733302411873841,0.9733302411873841,0.8846153846153846,0.9070135746606335,0.9124087591240876,0.6187384044526901,0.470588,1,2,0.769826,1e-05,9,4
0.948905109489051,0.9616187384044527,0.9616187384044527,0.9292929292929293,0.9446464646464646,0.948905109489051,0.7775974025974026,0.5,2,2,0.8970950000000001,1e-05,9,4
0.9416058394160584,0.9532699443413729,0.9532699443413729,0.92,0.9370114942528736,0.9416058394160584,0.7458256029684601,0.5,3,2,0.9715159999999999,1e-05,9,4
0.9416058394160584,0.9543135435992579,0.9543135435992579,0.92,0.9370114942528736,0.9416058394160584,0.7458256029684601,0.5,4,2,0.993958,1e-05,9,4
0.35766423357664234,0.9543135435992579,0.9543135435992579,0.5268817204301076,0.2634408602150538,0.35766423357664234,-1.795918367346939,0.0,5,2,0.999137,1e-05,9,4
0.8832116788321168,0.9602855867916109,0.9602855867916109,0.8644067796610169,0.8809213385484571,0.8832116788321168,0.5109326193663544,0.6,1,3,0.782097,1e-05,9,4
0.948905109489051,0.9708835341365463,0.9708835341365463,0.9369369369369369,0.9469960758304317,0.948905109489051,0.7860330209727799,0.5,2,3,0.9001709999999999,1e-05,9,4
0.9416058394160584,0.9544846050870146,0.9544846050870146,0.9272727272727271,0.9392461197339246,0.9416058394160584,0.7554663096831772,0.5,3,3,0.955471,1e-05,9,4
0.39416058394160586,0.9375278893351182,0.9375278893351182,0.5654450261780105,0.28272251308900526,0.3941605839416059,-1.5370370370370372,0.0,4,3,0.9904639999999999,1e-05,9,4
